Sigla,Nome do evento em inglês,Nome do evento,Estrato
AAAI,AAAI Conference on Artificial Intelligence,Conferência AAAI sobre Inteligência Artificial,A1
AAMAS,International Conference on Autonomous Agents and Multiagent Systems,Conferência Internacional sobre Agentes Autônomos e Sistemas Multiagentes,A1
ACCV,Asian Conference on Computer Vision,Conferência Asiática sobre Visão Computacional,A1
ACII,International Conference on Affective Computing and Intelligent Interaction,Conferência Internacional sobre Computação Afetiva e Interação Inteligente,A2
ACISP,Australasian Conference on Information Security and Privacy,Conferência Australasiática sobre Segurança e Privacidade da Informação,A4
ACL,Annual Meeting of the Association for Computational Linguistics,Reunião Anual da Associação de Linguística Computacional,A1
ACMIDC,ACM Internacional Conference on Interaction Design and Children,Conferência Internacional ACM sobre Design de Interação e Crianças,A2
ACMIMX,ACM International Conference on Interactive Media Experiences,Conferência Internacional ACM sobre Experiências de Mídia Interativa,A3
ACMMM,ACM International Conference on Multimedia,Conferência Internacional ACM sobre Multimídia,A1
ACNS,Applied Cryptography and Network Security,Criptografia Aplicada e Segurança de Rede,A2
ACSOS,IEEE International Conference on Autonomic Computing and Self-Organizing Systems,Conferência Internacional IEEE sobre Computação Autonômica e Sistemas Auto-Organizáveis,A4
ADBIS,East European Conference on Advances in Databases and Information Systems,Conferência Leste Europeia sobre Avanços em Bancos de Dados e Sistemas de Informação,A3
ADVANCE,International Workshop on Advances in ICT Infrastructures and Services,Workshop Internacional sobre Avanços em Infraestruturas e Serviços de TIC,B4
AI,Canadian Conference on Artificial Intelligence,Conferência Canadense sobre Inteligência Artificial,A3
AICCSA,ACS/IEEE International Conference on Computer Systems and Applications,Conferência Internacional ACS/IEEE sobre Sistemas Computacionais e Aplicações,A4
AICT,International Conference on Application of Information and Communication Technologies,Conferência Internacional sobre Aplicação de Tecnologias de Informação e Comunicação,A4
AIDKE,"IEEE International Conference on Artificial Intelligence, Data and Knowledge Engineering","Conferência Internacional IEEE sobre Inteligência Artificial, Dados e Engenharia de Conhecimento",A4
AIED,International Conference on Artificial Intelligence in Education,Conferência Internacional sobre Inteligência Artificial na Educação,A2
AIES,"AAAI/ACM Conference on AI, Ethics, and Society","Conferência AAAI/ACM sobre IA, Ética e Sociedade",A1
AIIDE,AAAI Conference on Artificial Intelligence and Interactive Digital Entertainment,Conferência AAAI sobre Inteligência Artificial e Entretenimento Digital Interativo,A3
AIME,Conference on Artificial Intelligence in Medicine,Conferência sobre Inteligência Artificial na Medicina,A3
AINA,IEEE International Conference on Advanced Information Networking and Applications,Conferência Internacional IEEE sobre Redes de Informação Avançadas e Aplicações,A3
AISTATS,International Conference on Artificial Intelligence and Statistics,Conferência Internacional sobre Inteligência Artificial e Estatística,A1
AIWARE,ACM International Conference on AI-Powered Software,Conferência Internacional ACM sobre Software Impulsionado por IA,B3
AlCoB,International Conference on Algorithms for Computational Biology,Conferência Internacional sobre Algoritmos para Biologia Computacional,B2
ALIO/EURO,Joint ALIO/EURO International Conference on Applied Combinatorial Optimization,Conferência Internacional Conjunta ALIO/EURO sobre Otimização Combinatória Aplicada,B4
AMCIS,Americas Conference on Information Systems,Conferência das Américas sobre Sistemas de Informação,A2
ANT,"International Conference on Ambient Systems, Networks and Technologies","Conferência Internacional sobre Sistemas Ambientais, Redes e Tecnologias",B4
ARC,International Symposium on Applied Reconfigurable Computing,Simpósio Internacional sobre Computação Reconfigurável Aplicada,B1
ARCS,International Conference on Architecture of Computing Systems,Conferência Internacional sobre Arquitetura de Sistemas Computacionais,B3
ARES,"International Conference on Availability, Reliability and Security","Conferência Internacional sobre Disponibilidade, Confiabilidade e Segurança",A2
ASAP,"IEEE International Conference on Application-specific Systems, Architectures and Processors","Conferência Internacional IEEE sobre Sistemas, Arquiteturas e Processadores de Aplicação Específica",A3
ASE,IEEE/ACM International Conference on Automated Software Engineering,Conferência Internacional IEEE/ACM sobre Engenharia de Software Automatizada,A1
ASIACRYPT,Annual International Conference on the Theory and Applications of Cryptology and Information Security,Conferência Internacional Anual sobre Teoria e Aplicações de Criptologia e Segurança da Informação,A1
ASONAM,IEEE/ACM International Conference on Advances in Social Networks Analysis and Mining,Conferência Internacional IEEE/ACM sobre Avanços em Análise e Mineração de Redes Sociais,A2
ASP-DAC,Asia and South Pacific Design Automation Conference,Conferência de Automação de Design da Ásia e Pacífico Sul,A1
AST,IEEE/ACM International Workshop on Automation of Software Testing,Workshop Internacional IEEE/ACM sobre Automação de Testes de Software,B4
ATC,USENIX Annual Technical Conference,Conferência Técnica Anual USENIX,A1
ATT,International Workshop on Agents in Traffic and Transportation,Workshop Internacional sobre Agentes em Tráfego e Transporte,B4
AUDIOMOSTLY,Audio Mostly Conference,Conferência Audio Mostly,A4
BCCA,International Conference on Blockchain Computing and Applications,Conferência Internacional sobre Computação e Aplicações de Blockchain,B2
BDCAT,"IEEE/ACM International Conference on Big Data Computing, Applications and Technologies","Conferência Internacional IEEE/ACM sobre Computação, Aplicações e Tecnologias de Big Data",B2
BDCLOUD,International Conference on Big Data and Cloud Computing,Conferência Internacional sobre Big Data e Computação em Nuvem,B4
BESC,"International Conference on Behavior, Economic and Social Computing","Conferência Internacional sobre Computação Comportamental, Econômica e Social",B3
BIBE,IEEE International Conference on BioInformatics and BioEngineering,Conferência Internacional IEEE sobre Bioinformática e Bioengenharia,A3
BIBM,IEEE International Conference on Bioinformatics and Biomedicine,Conferência Internacional IEEE sobre Bioinformática e Biomedicina,A3
BIGCOMP,International Conference on Big Data and Smart Computing,Conferência Internacional sobre Big Data e Computação Inteligente,A2
BIGDATA,IEEE International Conference on Big Data,Conferência Internacional IEEE sobre Big Data,A1
BIGMM,IEEE International Conference on Multimedia Big Data,Conferência Internacional IEEE sobre Big Data Multimídia,A3
BIOCOMP-WC,International Conference on Bioinformatics & Computational Biology,Conferência Internacional sobre Bioinformática e Biologia Computacional,B4
BioRob,IEEE RAS & EMBS International Conference on Biomedical Robotics and Biomechatronics,Conferência Internacional IEEE RAS & EMBS sobre Robótica Biomédica e Biomecatrônica,A3
BLOCKCHAIN,IEEE International Conference on Blockchain,Conferência Internacional IEEE sobre Blockchain,A1
BMSB,IEEE International Symposium on Broadband Multimedia Systems and Broadcasting,Simpósio Internacional IEEE sobre Sistemas Multimídia de Banda Larga e Radiodifusão,B1
BMSD,International Business Modeling and Software Design Symposium,Simpósio Internacional de Modelagem de Negócios e Design de Software,B1
BMVC,British Machine Vision Conference,Conferência Britânica de Visão Computacional,A1
BPM,International Conference on Business Process Management,Conferência Internacional sobre Gestão de Processos de Negócios,A2
BPMS2,Workshop on Social and Human Aspects of Business Process Management,Workshop sobre Aspectos Sociais e Humanos da Gestão de Processos de Negócios,B4
BRACIS,Brazilian Conference on Intelligent Systems,Conferência Brasileira de Sistemas Inteligentes,A3
BRASERO,Brazilian Workshop on Service Robotics,Workshop Brasileiro de Robótica de Serviço,B4
BRASNAM,Brazilian Workshop on Social Network Analysis and Mining,Workshop Brasileiro de Análise e Mineração de Redes Sociais,B1
BRESCI,Brazilian e-Science Workshop,Workshop Brasileiro de e-Ciência,B4
BSB,Brazilian Symposium on Bioinformatics,Simpósio Brasileiro de Bioinformática,B1
BSN,IEEE-EMBS International Conference on Wearable and Implantable Body Sensor Networks,Conferência Internacional IEEE-EMBS sobre Redes de Sensores Corporais Vestíveis e Implantáveis,A3
BTAS,"IEEE International Conference on Biometrics: Theory, Applications, and Systems","Conferência Internacional IEEE sobre Biometria: Teoria, Aplicações e Sistemas",A2
BWAIF,Brazilian Workshop on Artificial Intelligence in Finance,Workshop Brasileiro de Inteligência Artificial em Finanças,B4
CADE,International Conference on Automated Deduction,Conferência Internacional sobre Dedução Automatizada,A3
CAIN,International Conference on AI Engineering – Software Engineering for AI,Conferência Internacional sobre Engenharia de IA – Engenharia de Software para IA,A4
CAIP,International Conference on Computer Analysis of Images and Patterns,Conferência Internacional sobre Análise Computacional de Imagens e Padrões,A3
CAISE,International Conference on Advanced Information Systems Engineering,Conferência Internacional sobre Engenharia Avançada de Sistemas de Informação,A2
CALDAM,International Conference on Algorithms and Discrete Applied Mathematics,Conferência Internacional sobre Algoritmos e Matemática Aplicada Discreta,B2
CANDAR,International Symposium on Computing and Networking,Simpósio Internacional sobre Computação e Redes,B1
CANS,International Conference on Cryptology and Network Security,Conferência Internacional sobre Criptologia e Segurança de Rede,A4
CASCON,Annual International Conference on Computer Science and Software Engineering,Conferência Internacional Anual sobre Ciência da Computação e Engenharia de Software,A3
CASE,IEEE Conference on Automation Science and Engineering,Conferência IEEE sobre Ciência e Engenharia de Automação,A2
CATA,International Conference on Computers and their Applications,Conferência Internacional sobre Computadores e suas Aplicações,B4
CAV,International Conference on Computer Aided Verification,Conferência Internacional sobre Verificação Auxiliada por Computador,A1
CBA,Congresso Brasileiro de Automática,Brazilian Congress of Automation,B3
CBI,IEEE Conference on Business Informatics,Conferência IEEE sobre Informática de Negócios,A3
CBIC,Congresso Brasileiro de Inteligência Computacional,Brazilian Congress on Computational Intelligence,B4
CBIS,Congresso Brasileiro de Informática em Saúde,Brazilian Congress on Health Informatics,B4
CBMI,International Workshop on Content-Based Multimedia Indexing,Workshop Internacional sobre Indexação Multimídia Baseada em Conteúdo,A4
CBMS,International Symposium on Computer-Based Medical Systems,Simpósio Internacional sobre Sistemas Médicos Baseados em Computador,A2
CC,International Conference on Compiler Construction,Conferência Internacional sobre Construção de Compiladores,A3
CCC,IEEE Conference on Computational Complexity,Conferência IEEE sobre Complexidade Computacional,A3
CCCG,Canadian Conference on Computational Geometry,Conferência Canadense de Geometria Computacional,B3
CCECE,Canadian Conference on Electrical and Computer Engineering,Conferência Canadense de Engenharia Elétrica e de Computação,A2
CCGRID,"IEEE/ACM International Symposium on Cluster, Cloud and Grid Computing","Simpósio Internacional IEEE/ACM sobre Computação em Cluster, Nuvem e Grade",A2
CCNC,Annual IEEE Consumer Communications & Networking Conference,Conferência Anual IEEE de Comunicações e Redes ao Consumidor,A2
CCS,ACM Symposium on Computer and Communications Security,Simpósio ACM sobre Segurança de Computadores e Comunicações,A1
CDC,IEEE Conference on Decision and Control,Conferência IEEE sobre Decisão e Controle,A1
CEC,IEEE Congress on Evolutionary Computation,Congresso IEEE sobre Computação Evolutiva,A1
CF,ACM International Conference on Computing Frontiers,Conferência Internacional ACM sobre Fronteiras da Computação,A3
CGI,Computer Graphics International Conference,Conferência Internacional de Computação Gráfica,B1
CGO,International Symposium on Code Generation and Optimization,Simpósio Internacional sobre Geração de Código e Otimização,A2
CHASE,International Workshop on Cooperative and Human Aspects of Software Engineering,Workshop Internacional sobre Aspectos Cooperativos e Humanos da Engenharia de Software,A4
CHI,ACM Conference on Human Factors in Computing Systems,Conferência ACM sobre Fatores Humanos em Sistemas Computacionais,A1
CHIPlay,ACM SIGCHI Annual Symposium on Computer-Human Interaction in Play,Simpósio Anual ACM SIGCHI sobre Interação Computador-Humano em Jogos,A2
CIAC,International Conference on Algorithms and Complexity,Conferência Internacional sobre Algoritmos e Complexidade,B4
CIARP,Iberoamerican Congress on Pattern Recognition,Congresso Ibero-americano de Reconhecimento de Padrões,A4
CIBCB,IEEE Conference on Computational Intelligence in Bioinformatics and Computational Biology,Conferência IEEE sobre Inteligência Computacional em Bioinformática e Biologia Computacional,A3
CIbSE,Conferencia Iberoamericana de Software Engineering,Ibero-American Conference on Software Engineering,B1
CICLING,International Conference on Intelligent Text Processing and Computational Linguistics,Conferência Internacional sobre Processamento Inteligente de Texto e Linguística Computacional,B4
CIDI,Congresso Internacional de Design da Informação,International Congress of Information Design,B4
CIKM,ACM International Conference on Information and Knowledge Management,Conferência Internacional ACM sobre Gestão de Informação e Conhecimento,A1
CILAMCE,Iberian Latin American Congress on Computational Methods,Congresso Ibero-Latino-Americano de Métodos Computacionais,B4
CISTI,Iberian Conference on Information Systems and Technologies,Conferência Ibérica sobre Sistemas e Tecnologias de Informação,A3
CIT,IEEE International Conference on Information Technology,Conferência Internacional IEEE sobre Tecnologia da Informação,A2
CLAIO,Latin-Ibero-American Conference on Operations Research,Conferência Latino-Ibero-Americana de Pesquisa Operacional,B4
CLEF,Conference and Labs of the Evaluation Forum,Conferência e Laboratórios do Fórum de Avaliação,A4
CLEI,Conferencia Latinoamericana de Informática,Latin American Conference on Informatics,B2
CLIHC,Latin American Conference on Human Computer Interaction,Conferência Latino-Americana de Interação Humano-Computador,B3
CLOSER,International Conference on Cloud Computing and Services Science,Conferência Internacional sobre Computação em Nuvem e Ciência de Serviços,A3
CLOUD,IEEE International Conference on Cloud Computing,Conferência Internacional IEEE sobre Computação em Nuvem,A2
CLOUDCOM,IEEE International Conference on Cloud Computing Technology and Science,Conferência Internacional IEEE sobre Tecnologia e Ciência da Computação em Nuvem,B1
CLOUDNET,IEEE International Conference on Cloud Networking,Conferência Internacional IEEE sobre Redes em Nuvem,A4
CLUSTER,IEEE International Conference on Cluster Computing,Conferência Internacional IEEE sobre Computação em Cluster,A3
CMMR,International Symposium on Computer Music Multidisciplinary Research,Simpósio Internacional de Pesquisa Multidisciplinar em Música Computacional,B2
CMN,Congress on Numerical Methods in Engineering,Congresso sobre Métodos Numéricos em Engenharia,B4
CNMAC,Congresso Nacional de Matemática Aplicada e Computacional,National Congress of Applied and Computational Mathematics,B4
CNSM,International Conference on Network and Service Management,Conferência Internacional sobre Gestão de Redes e Serviços,A3
COCOA,International Conference on Combinatorial Optimization and Applications,Conferência Internacional sobre Otimização Combinatória e Aplicações,B2
COCOON,International Computing and Combinatorics Conference,Conferência Internacional de Computação e Combinatória,B2
COG,Conference on Games,Conferência sobre Jogos,A2
COLING,International Conference on Computational Linguistics,Conferência Internacional sobre Linguística Computacional,A1
CoMeSySo,Computational Methods in Systems and Software,Métodos Computacionais em Sistemas e Software,A3
COMPLEXNETWORKS,International Conference on Complex Networks and Their Applications,Conferência Internacional sobre Redes Complexas e suas Aplicações,A4
COMPSAC,IEEE Computer Software and Applications Conference,Conferência IEEE de Software e Aplicações Computacionais,A2
COMSNETS,International Conference on Communication Systems & NetworkS,Conferência Internacional sobre Sistemas de Comunicação e Redes,A2
CONEXT,Conference on Emerging Network Experiment and Technology,Conferência sobre Experimentos e Tecnologias de Rede Emergentes,A1
CoNLL,Conference on Natural Language Learning,Conferência sobre Aprendizado de Linguagem Natural,A1
CONTECSI,International Conference on Information Systems and Technology Management,Conferência Internacional sobre Gestão de Sistemas e Tecnologia da Informação,B4
COOPIS,International Conference on Cooperative Information Systems,Conferência Internacional sobre Sistemas de Informação Cooperativos,B1
COURB,Workshop of Urban Computing,Workshop de Computação Urbana,B4
CPAIOR,"International Conference on Integration of Constraint Programming, Artificial Intelligence, and Operations Research","Conferência Internacional sobre Integração de Programação por Restrições, Inteligência Artificial e Pesquisa Operacional",A4
CRTL+E,Congresso sobre Tecnologias na Educação,Congress on Technologies in Education,B3
CSCW,ACM Conference on Computer Supported Cooperative Work & Social Computing,Conferência ACM sobre Trabalho Cooperativo Suportado por Computador e Computação Social,A3
CSCWD,IEEE International Conference on Computer Supported Cooperative Work in Design,Conferência Internacional IEEE sobre Trabalho Cooperativo Suportado por Computador em Design,A3
CSE,International Conference on Computational Science and Engineering,Conferência Internacional sobre Ciência e Engenharia Computacional,B1
CSEDU,International Conference on Computer Supported Education,Conferência Internacional sobre Educação Suportada por Computador,A3
CSF,IEEE Computer Security Foundations Symposium,Simpósio IEEE de Fundamentos de Segurança Computacional,A3
CSNet,Cyber Security in Networking Conference,Conferência de Cibersegurança em Redes,B1
CSR,IEEE International Conference on Cyber Security and Resilience,Conferência Internacional IEEE sobre Cibersegurança e Resiliência,B1
CVPR,IEEE Conference on Computer Vision and Pattern Recognition,Conferência IEEE sobre Visão Computacional e Reconhecimento de Padrões,A1
CVPR-E,IEEE Conference on Computer Vision and Pattern Recognition Companion,Conferência IEEE sobre Visão Computacional e Reconhecimento de Padrões (Complementar),A3
DAC,Design Automation Conference,Conferência de Automação de Design,A1
DARS,International Symposium on Distributed Autonomous Robotic Systems,Simpósio Internacional sobre Sistemas Robóticos Autônomos Distribuídos,B3
DASFAA,International Conference on Database Systems for Advanced Applications,Conferência Internacional sobre Sistemas de Banco de Dados para Aplicações Avançadas,A3
DATA,"International Conference on Data Science, Technology and Applications","Conferência Internacional sobre Ciência de Dados, Tecnologia e Aplicações",A1
DATE,"Design, Automation and Test in Europe Conference and Exhibition","Conferência e Exposição de Design, Automação e Teste na Europa",A1
DAWAK,International Conference on Big Data Analytics and Knowledge Discovery,Conferência Internacional sobre Análise de Big Data e Descoberta de Conhecimento,B1
DBSEC,IFIP WG 11.3 Conference on Data and Applications Security and Privacy,Conferência IFIP WG 11.3 sobre Segurança e Privacidade de Dados e Aplicações,A4
DCOSS,International Conference on Distributed Computing in Sensor Systems,Conferência Internacional sobre Computação Distribuída em Sistemas de Sensores,A2
DEXA,International Conference on Database and Expert Systems Applications,Conferência Internacional sobre Bancos de Dados e Aplicações de Sistemas Especialistas,A3
DFTVS,IEEE International Symposium on Defect and Fault Tolerance in VLSI Systems,Simpósio Internacional IEEE sobre Tolerância a Defeitos e Falhas em Sistemas VLSI,A3
DGMM,Discrete Geometry and Mathematical Morphology,Geometria Discreta e Morfologia Matemática,A4
DGO,Annual International Conference on Digital Government Research,Conferência Internacional Anual sobre Pesquisa em Governo Digital,A2
DL,International Workshop on Description Logics,Workshop Internacional sobre Lógicas de Descrição,A4
DMSVIVA,International DMS Conference on Visualization and Visual Languages,Conferência Internacional DMS sobre Visualização e Linguagens Visuais,B4
DOCENG,ACM Symposium on Document Engineering,Simpósio ACM sobre Engenharia de Documentos,B1
DRCN,International Conference on the Design of Reliable Communication Networks,Conferência Internacional sobre o Design de Redes de Comunicação Confiáveis,B1
DS-RT,IEEE/ACM International Symposium on Distributed Simulation and Real-Time Applications,Simpósio Internacional IEEE/ACM sobre Simulação Distribuída e Aplicações em Tempo Real,B1
DSAA,IEEE International Conference on Data Science and Advanced Analytics,Conferência Internacional IEEE sobre Ciência de Dados e Análise Avançada,A2
DSAI,International Conference on Software Development for Enhancing Accessibility and Fighting Info-exclusion,Conferência Internacional sobre Desenvolvimento de Software para Melhorar a Acessibilidade e Combater a Info-exclusão,B4
DSD,"Euromicro Conference on Digital System Design, Architectures, Methods and Tools","Conferência Euromicro sobre Design de Sistemas Digitais, Arquiteturas, Métodos e Ferramentas",A3
DSN,Annual IEEE/IFIP International Conference on Dependable Systems and Networks,Conferência Internacional Anual IEEE/IFIP sobre Sistemas e Redes Confiáveis,A1
DSW,Dataset Showcase Workshop,Workshop de Exibição de Conjuntos de Dados,B4
EAAAI,International Conference on Engineering Applications and Advances of Artificial Intelligence,Conferência Internacional sobre Aplicações de Engenharia e Avanços da Inteligência Artificial,A4
EACL,Conference of the European Chapter of the Association for Computational Linguistics,Conferência do Capítulo Europeu da Associação de Linguística Computacional,A1
EAIS,IEEE International Conference on Evolving and Adaptive Intelligent Systems,Conferência Internacional IEEE sobre Sistemas Inteligentes Evolutivos e Adaptativos,B3
EASE,International Conference on Evaluation and Assessment in Software Engineering,Conferência Internacional sobre Avaliação e Estimativa em Engenharia de Software,A2
EATIS,Euro American Conference on Telematics and Information Systems,Conferência Euro-Americana sobre Telemática e Sistemas de Informação,B2
EC-TEL,European Conference on Technology Enhanced Learning,Conferência Europeia sobre Aprendizagem Aprimorada por Tecnologia,A3
ECAI,European Conference on Artificial Intelligence,Conferência Europeia sobre Inteligência Artificial,A1
ECC,European Control Conference,Conferência Europeia de Controle,A2
ECCV,European Conference on Computer Vision,Conferência Europeia sobre Visão Computacional,A1
ECIS,European Conference on Information Systems,Conferência Europeia sobre Sistemas de Informação,A1
ECML,European Conference on Machine Learning and Principles and Practice of Knowledge Discovery in Databases,Conferência Europeia sobre Aprendizado de Máquina e Princípios e Prática de Descoberta de Conhecimento em Bancos de Dados,A1
ECMR,European Conference on Mobile Robots,Conferência Europeia sobre Robôs Móveis,A3
ECOOP,European Conference on Object-Oriented Programming,Conferência Europeia sobre Programação Orientada a Objetos,A3
ECSA,European Conference on Software Architecture,Conferência Europeia sobre Arquitetura de Software,A3
ECSCW,European Conference on Computer Supported Cooperative Work,Conferência Europeia sobre Trabalho Cooperativo Suportado por Computador,A4
ECSQARU,European Conference on Symbolic and Quantitative Approaches to Reasoning and Uncertainty,Conferência Europeia sobre Abordagens Simbólicas e Quantitativas para Raciocínio e Incerteza,B1
EDBT,International Conference on Extending Database Technology,Conferência Internacional sobre Extensão da Tecnologia de Banco de Dados,A3
EDCC,European Dependable Computing Conference,Conferência Europeia de Computação Confiável,A4
EDGE,EEE International Conference on Edge Computing and Communications,Conferência Internacional IEEE sobre Computação de Borda e Comunicações,A4
EDM,International Conference on Educational Data Mining,Conferência Internacional sobre Mineração de Dados Educacionais,A2
EDOC,IEEE International Enterprise Distributed Object Computing Conference,Conferência Internacional IEEE sobre Computação de Objetos Distribuídos Empresariais,A3
EDUCOMP,Simpósio Brasileiro de Educação em Computação,Brazilian Symposium on Computing Education,B1
EDUCON,IEEE Global Engineering Education Conference,Conferência IEEE de Educação em Engenharia Global,A2
EDULEARN,International Conference on Education and New Learning Technologies,Conferência Internacional sobre Educação e Novas Tecnologias de Aprendizagem,A3
EGOV,International Conference on Electronic Government,Conferência Internacional sobre Governo Eletrônico,A3
EGOVIS,International Conference on Electronic Government and the Information Systems Perspective,Conferência Internacional sobre Governo Eletrônico e a Perspectiva de Sistemas de Informação,B3
EMAS,International Workshop on Engineering Multiagent Systems,Workshop Internacional sobre Engenharia de Sistemas Multiagentes,B4
EMBC,Annual International Conference of the IEEE Engineering in Medicine and Biology Society,Conferência Internacional Anual da Sociedade de Engenharia em Medicina e Biologia IEEE,A1
EMBS,IEEE-EMBS International Conference on Biomedical and Health Informatics,Conferência Internacional IEEE-EMBS sobre Informática Biomédica e em Saúde,A3
EMO,International Conference on Evolutionary Multi-Criterion Optimization,Conferência Internacional sobre Otimização Evolutiva Multicritério,A4
ENANPAD,Encontro Nacional da Associação Nacional de Pós-Graduação e Pesquisa em Administração,National Meeting of the National Association of Graduate Studies and Research in Administration,B4
ENASE,International Conference on Evaluation of Novel Approaches to Software Engineering,Conferência Internacional sobre Avaliação de Novas Abordagens em Engenharia de Software,A4
ENIAC,Encontro Nacional de Inteligencia Artificial e Computacional,National Meeting on Artificial and Computational Intelligence,A4
EPIA,Portuguese Conference on Artificial Intelligence,Conferência Portuguesa sobre Inteligência Artificial,A4
ER,International Conference on Conceptual Modeling,Conferência Internacional sobre Modelagem Conceitual,A3
ESA,European Symposium on Algorithms,Simpósio Europeu sobre Algoritmos,A2
ESANN,"European Symposium on Artificial Neural Networks, Computational Intelligence and Machine Learning","Simpósio Europeu sobre Redes Neurais Artificiais, Inteligência Computacional e Aprendizado de Máquina",A4
ESCIENCE,IEEE International Conference on e-Science,Conferência Internacional IEEE sobre e-Ciência,A3
ESEM,ACM/IEEE International Symposium on Empirical Software Engineering and Measurement,Simpósio Internacional ACM/IEEE sobre Engenharia de Software Empírica e Medição,A2
ESMARTA,International Conference on Emerging Smart Technologies and Applications,Conferência Internacional sobre Tecnologias Inteligentes Emergentes e Aplicações,B2
ETC,Encontro de Teoria da Computação,Meeting on Theory of Computation,B4
ETFA,IEEE International Conference on Emerging Technologies and Factory Automation,Conferência Internacional IEEE sobre Tecnologias Emergentes e Automação de Fábrica,A2
ETS,IEEE European Test Symposium,Simpósio Europeu de Testes IEEE,A4
EuCNC,European Conference on Networks and Communications,Conferência Europeia sobre Redes e Comunicações,A3
EURO,European Conference on Operational Research,Conferência Europeia de Pesquisa Operacional,B4
EUROCOMB,"European Conference on Combinatorics, Graph Theory and Applications","Conferência Europeia sobre Combinatória, Teoria dos Grafos e Aplicações",B2
EUROPAR,European Conference on Parallel Computing,Conferência Europeia sobre Computação Paralela,A3
EuroPloP,European Conference on Pattern Languages of Programs,Conferência Europeia sobre Linguagens de Padrões de Programas,B1
EuroSPI,European Conference on Software Process Improvement,Conferência Europeia sobre Melhoria de Processo de Software,A4
EUROSYS,European Conference on Computer Systems,Conferência Europeia sobre Sistemas Computacionais,A1
EUSFLAT,Conference of the European Society for Fuzzy Logic and Technology,Conferência da Sociedade Europeia de Lógica Fuzzy e Tecnologia,B2
EUSIPCO,European Signal Processing Conference,Conferência Europeia de Processamento de Sinais,A1
EUVIP,European Workshop on Visual Information Processing,Workshop Europeu sobre Processamento de Informação Visual,B1
EVOAPPLICATIONS,European Conference on the Applications of Evolutionary Computation,Conferência Europeia sobre Aplicações de Computação Evolutiva,A4
EVOCOP,European Conference on Evolutionary Computation in Combinatorial Optimization,Conferência Europeia sobre Computação Evolutiva em Otimização Combinatória,B3
FACCT,"ACM Conference on Fairness, Accountability, and Transparency","Conferência ACM sobre Justiça, Responsabilidade e Transparência",A1
FACS,International Conference on Formal Aspects of Component Software,Conferência Internacional sobre Aspectos Formais de Software de Componentes,B2
FASE,International Conference on Fundamental Approaches to Software Engineering,Conferência Internacional sobre Abordagens Fundamentais para Engenharia de Software,A3
FAST,USENIX Conference on File and Storage Technologies,Conferência USENIX sobre Tecnologias de Arquivo e Armazenamento,A1
FC,International Conference on Financial Cryptography and Data Security,Conferência Internacional sobre Criptografia Financeira e Segurança de Dados,A1
FCT,International Symposium on Fundamentals of Computation Theory,Simpósio Internacional sobre Teoria Fundamental da Computação,B4
FDG,International Conference on Foundations of Digital Games,Conferência Internacional sobre Fundamentos de Jogos Digitais,A2
FEDCSIS,Federated Conference on Computer Science and Information Systems,Conferência Federada de Ciência da Computação e Sistemas de Informação,A3
FGR,IEEE International Conference on Automatic Face and Gesture Recognition,Conferência Internacional IEEE sobre Reconhecimento Automático de Face e Gestos,A1
FiCloud,International Conference on Future Internet of Things and Cloud,Conferência Internacional sobre Futura Internet das Coisas e Nuvem,B1
FIE,IEEE Frontiers in Education Conference,Conferência IEEE de Fronteiras na Educação,A2
FIT,International Conference on Forntiers of Information Technology,Conferência Internacional sobre Fronteiras da Tecnologia da Informação,B1
FLAIRS,International Florida Artificial Intelligence Conference,Conferência Internacional de Inteligência Artificial da Flórida,A4
FMCAD,International Conference on Formal Methods in Computer-Aided Design,Conferência Internacional sobre Métodos Formais em Design Auxiliado por Computador,A3
FOIS,International Conference on Formal Ontology in Information Systems,Conferência Internacional sobre Ontologia Formal em Sistemas de Informação,B4
FOSSACS,International Conference on Foundations of Software Science and Computation Structures,Conferência Internacional sobre Fundamentos da Ciência de Software e Estruturas de Computação,A4
FSCD,International Conference on Formal Structures for Computation and Deduction,Conferência Internacional sobre Estruturas Formais para Computação e Dedução,A4
FSE/ESEC,Joint Meeting on European Software Engineering Conference and Foundations of Software Engineering,Reunião Conjunta sobre Conferência Europeia de Engenharia de Software e Fundamentos de Engenharia de Software,A1
FSEN,International Conference on Fundamentals of Software Engineering,Conferência Internacional sobre Fundamentos da Engenharia de Software,B3
FTC,Future Technologies Conference,Conferência de Tecnologias Futuras,A3
FUSION,International Conference on Information Fusion,Conferência Internacional sobre Fusão de Informações,A3
FUZZ,IEEE International Conference on Fuzzy Systems,Conferência Internacional IEEE sobre Sistemas Fuzzy,A2
GAS,International Workshop on Games and Software Engineering,Workshop Internacional sobre Jogos e Engenharia de Software,B3
GECCO,Genetic and Evolutionary Computation Conference,Conferência de Computação Genética e Evolutiva,A1
GECON,"International Conference on Economics of Grids, Clouds, Systems and Services","Conferência Internacional sobre Economia de Grades, Nuvens, Sistemas e Serviços",B3
GEM,"IEEE Games, Entertainment, Media Conference","Conferência IEEE de Jogos, Entretenimento e Mídia",B3
GEOINFO,Brazilian Symposium on GeoInformatics,Simpósio Brasileiro de Geoinformática,B2
GEOPROCESSING-IARIA,"IARIA International Conference on Advanced Geographic Information Systems, Applications, and Services","Conferência Internacional IARIA sobre Sistemas Avançados de Informação Geográfica, Aplicações e Serviços",B3
GIIS,Global Information Infrastructure and Networking Symposium,Simpósio Global de Infraestrutura de Informação e Redes,B3
GLOBECOM,IEEE Global Communications Conference,Conferência Global de Comunicações IEEE,A1
GPCE,ACM International Conference on Generative Programming: Concepts and Experiences,Conferência Internacional ACM sobre Programação Generativa: Conceitos e Experiências,B1
GRAPP,International Conference on Computer Graphics Theory and Applications,Conferência Internacional sobre Teoria e Aplicações de Computação Gráfica,B1
GROUP,International Conference on Supporting Group Work,Conferência Internacional sobre Apoio ao Trabalho em Grupo,A4
HAIS,International Conference on Hybrid Artificial Intelligence Systems,Conferência Internacional sobre Sistemas Híbridos de Inteligência Artificial,B2
HCSE,International Conference on Human-Centered Software Engineering,Conferência Internacional sobre Engenharia de Software Centrada no Ser Humano,B4
HEALTHCOM,"IEEE International Conference on E-health Networking, Application & Services","Conferência Internacional IEEE sobre Redes, Aplicações e Serviços de Saúde Eletrônica",A3
HEALTHINF,International Conference on Health Informatics,Conferência Internacional sobre Informática em Saúde,A3
HICSS,Hawaii International Conference on System Sciences,Conferência Internacional de Ciências de Sistemas do Havaí,A1
HIMS,International Conference on Health Informatics and Medical Systems,Conferência Internacional sobre Informática em Saúde e Sistemas Médicos,B4
HIPC,"IEEE International Conference on High Performance Computing, Data and Analytics","Conferência Internacional IEEE sobre Computação de Alto Desempenho, Dados e Análise",A4
HIS,International Conference on Hybrid Intelligent Systems,Conferência Internacional sobre Sistemas Inteligentes Híbridos,A4
HPCS,International Conference on High Performance Computing & Simulation,Conferência Internacional sobre Computação de Alto Desempenho e Simulação,B1
HS,Haskell Symposium,Simpósio Haskell,B3
HT,ACM Conference on Hypertext and Social Media,Conferência ACM sobre Hipertexto e Mídia Social,A3
HUMANOIDS,IEEE RAS International Conference on Humanoid Robot,Conferência Internacional IEEE RAS sobre Robôs Humanoides,A3
I2MTC,IEEE International Instrumentation and Measurement Technology Conference,Conferência Internacional IEEE de Tecnologia de Instrumentação e Medição,A3
I3E,"IFIP International Conference on e-Business, e-Services, and e-Society","Conferência Internacional IFIP sobre e-Business, e-Serviços e e-Sociedade",A2
IAS,Industry Applications Society Annual Meeting,Reunião Anual da Sociedade de Aplicações Industriais,B1
IBERAMIA,Ibero-American Conference on Artificial Intelligence,Conferência Ibero-Americana sobre Inteligência Artificial,B4
IBERCHIP,Workshop Iberchip,Iberchip Workshop,B4
IBERSPEECH,Iberspeech Conference,Conferência Iberspeech,B4
IBPRIA,Iberian Conference on Pattern Recognition and Image Analysis,Conferência Ibérica sobre Reconhecimento de Padrões e Análise de Imagem,B1
IC2E,IEEE International Conference on Cloud Engineering,Conferência Internacional IEEE sobre Engenharia de Nuvem,A4
IC3K,"International Joint Conference on Knowledge Discovery, Knowledge Engineering and Knowledge Management","Conferência Internacional Conjunta sobre Descoberta de Conhecimento, Engenharia de Conhecimento e Gestão de Conhecimento",B2
ICAART,International Conference on Agents and Artificial Intelligence,Conferência Internacional sobre Agentes e Inteligência Artificial,A3
ICAI,International Conference on Applied Informatics,Conferência Internacional sobre Informática Aplicada,B1
ICAISC,International Conference on Artificial Intelligence and Soft Computing,Conferência Internacional sobre Inteligência Artificial e Computação Suave,A4
ICAIWC,International Conference on Artificial Intelligence,Conferência Internacional sobre Inteligência Artificial,A4
ICALP,"International Colloquium on Automata, Languages, and Programming","Colóquio Internacional sobre Autômatos, Linguagens e Programação",A2
ICALT,IEEE International Conference on Advanced Learning Technologies,Conferência Internacional IEEE sobre Tecnologias Avançadas de Aprendizagem,A3
ICANN,International Conference on Artificial Neural Networks,Conferência Internacional sobre Redes Neurais Artificiais,A2
ICAPS,International Conference on Automated Planning and Scheduling,Conferência Internacional sobre Planejamento e Agendamento Automatizado,A1
ICAR,International Conference on Advanced Robotics,Conferência Internacional sobre Robótica Avançada,A3
ICARCV,"International Conference on Control, Automation, Robotics and Vision","Conferência Internacional sobre Controle, Automação, Robótica e Visão",B1
ICASSP,"IEEE International Conference on Acoustics, Speech and Signal Processing","Conferência Internacional IEEE sobre Acústica, Fala e Processamento de Sinais",A1
ICB,International Conference on Biometrics,Conferência Internacional sobre Biometria,A2
ICBC,IEEE International Conference on Blockchain and Cryptocurrency,Conferência Internacional IEEE sobre Blockchain e Criptomoeda,A1
ICC,International Conference on Communications,Conferência Internacional sobre Comunicações,A1
ICC-E,International Conference on Communications Companion,Conferência Internacional sobre Comunicações (Complementar),A3
ICCABS,International Conference on Computational Advances in Bio and Medical Sciences,Conferência Internacional sobre Avanços Computacionais em Ciências Bio e Médicas,B1
ICCAR,"International Conference on Control, Automation and Robotics","Conferência Internacional sobre Controle, Automação e Robótica",A3
ICCCN,International Conference on Computer Communications and Networks,Conferência Internacional sobre Comunicações e Redes de Computadores,A2
ICCD,International Conference on Computer Design,Conferência Internacional sobre Design de Computadores,A3
ICCE-EDU,International Conference on Computers in Education,Conferência Internacional sobre Computadores na Educação,B1
ICCHP,International Conference on Computers Helping People with Special Needs,Conferência Internacional sobre Computadores Ajudando Pessoas com Necessidades Especiais,B1
ICCL2,International Conference on Computational Logistics,Conferência Internacional sobre Logística Computacional,B2
ICCP,IEEE International Conference on Intelligent Computer Communication and Processing,Conferência Internacional IEEE sobre Comunicação e Processamento Inteligente de Computadores,B1
ICCS,International Conference on Computational Science,Conferência Internacional sobre Ciência Computacional,B4
ICCSA,International Conference on Computational Science and Its Applications,Conferência Internacional sobre Ciência Computacional e suas Aplicações,A2
ICCV,IEEE International Conference on Computer Vision,Conferência Internacional IEEE sobre Visão Computacional,A1
ICCV-E,IEEE International Conference on Computer Vision Companion,Conferência Internacional IEEE sobre Visão Computacional (Complementar),A3
ICDAR,International Conference on Document Analysis and Recognition,Conferência Internacional sobre Análise e Reconhecimento de Documentos,A1
ICDCS,International Conference on Distributed Computing Systems,Conferência Internacional sobre Sistemas de Computação Distribuída,A1
ICDE,IEEE International Conference on Data Engineering,Conferência Internacional IEEE sobre Engenharia de Dados,A1
ICDIP,International Conference on Digital Image Processing,Conferência Internacional sobre Processamento Digital de Imagens,B2
ICDM,IEEE International Conference on Data Mining,Conferência Internacional IEEE sobre Mineração de Dados,A1
ICEC,IFIP International Conference on Entertainment Computing,Conferência Internacional IFIP sobre Computação de Entretenimento,A4
ICECS,"IEEE International Conference on Electronics, Circuits and Systems","Conferência Internacional IEEE sobre Eletrônica, Circuitos e Sistemas",A3
ICEGOV,International Conference on Theory and Practice of Eletronic Governance,Conferência Internacional sobre Teoria e Prática da Governança Eletrônica,A4
ICEIS,International Conference on Enterprise Information Systems,Conferência Internacional sobre Sistemas de Informação Empresarial,A3
ICFCA,International Conference on Formal Concept Analysis,Conferência Internacional sobre Análise Formal de Conceitos,B4
ICFEM,International Conference on Formal Engineering Methods,Conferência Internacional sobre Métodos de Engenharia Formal,A4
ICGI,International Conference on Grammatical Inference,Conferência Internacional sobre Inferência Gramatical,B3
ICGJ,"International Conference on Game Jams, Hackathons, and Game Creation Events","Conferência Internacional sobre Game Jams, Hackathons e Eventos de Criação de Jogos",B2
ICHI,IEEE International Conference on Healthcare Informatics,Conferência Internacional IEEE sobre Informática em Saúde,A3
ICIAP,International Conference on Image Analysis and Processing,Conferência Internacional sobre Análise e Processamento de Imagens,A3
ICIAR,International Conference on Image Analysis and Recognition,Conferência Internacional sobre Análise e Reconhecimento de Imagens,A4
ICICS,International Conference on Information and Communications Security,Conferência Internacional sobre Segurança de Informações e Comunicações,A4
ICINCO,"International Conference on Informatics in Control, Automation and Robotics","Conferência Internacional sobre Informática em Controle, Automação e Robótica",B1
ICIOT,International Conference on the Internet of Things,Conferência Internacional sobre a Internet das Coisas,B1
ICIP,IEEE International Conference on Image Processing,Conferência Internacional IEEE sobre Processamento de Imagens,A1
ICISS,International Conference on Information Systems Security,Conferência Internacional sobre Segurança de Sistemas de Informação,B4
ICIT,IEEE International Conference on Industrial Technology,Conferência Internacional IEEE sobre Tecnologia Industrial,A2
ICIT&S,International Conference on Information Technology & Systems,Conferência Internacional sobre Tecnologia e Sistemas de Informação,A4
ICITE,International Conference on Information Technology and Education,Conferência Internacional sobre Tecnologia da Informação e Educação,A4
ICITS,International Conference on Information Theoretic Security,Conferência Internacional sobre Segurança Teórica da Informação,B4
ICIVC,"International Conference on Image, Vision and Computing","Conferência Internacional sobre Imagem, Visão e Computação",A4
ICKG,IEEE International Conference on Knowledge Graph,Conferência Internacional IEEE sobre Grafos de Conhecimento,B2
ICL,International Conference on Interactive Collaborative Learning,Conferência Internacional sobre Aprendizagem Colaborativa Interativa,A4
ICLR,International Conference on Learning Representations,Conferência Internacional sobre Representações de Aprendizagem,A1
ICMC,International Computer Music Conference,Conferência Internacional de Música Computacional,B2
ICME-E,IEEE International Conference on Multimedia and Expo Companion,Conferência Internacional IEEE sobre Multimídia e Exposição (Complementar),A3
ICML,International Conference on Machine Learning,Conferência Internacional sobre Aprendizado de Máquina,A1
ICMLA,IEEE International Conference on Machine Learning and Applications,Conferência Internacional IEEE sobre Aprendizado de Máquina e Aplicações,A1
ICMLC,International Conference on Machine Learning and Computing,Conferência Internacional sobre Aprendizado de Máquina e Computação,A4
ICMR,ACM International Conference on Multimedia Retrieval,Conferência Internacional ACM sobre Recuperação Multimídia,A2
ICNC,"International Conference on Computing, Networking and Communications","Conferência Internacional sobre Computação, Redes e Comunicações",A2
ICNSC,"IEEE International Conference on Networking, Sensing and Control","Conferência Internacional IEEE sobre Redes, Sensores e Controle",A4
ICOIN,International Conference on Information Networking,Conferência Internacional sobre Redes de Informação,A3
ICOMP,International Conference on Internet Computing and Internet of Things,Conferência Internacional sobre Computação na Internet e Internet das Coisas,B4
ICONIP,International Conference on Neural Information Processing,Conferência Internacional sobre Processamento de Informação Neural,A2
ICPADS,International Conference on Parallel and Distributed Systems,Conferência Internacional sobre Sistemas Paralelos e Distribuídos,A3
ICPC,International Conference on Program Comprehension,Conferência Internacional sobre Compreensão de Programas,A2
ICPE,International Conference on Performance Engineering,Conferência Internacional sobre Engenharia de Desempenho,A3
ICPP,International Conference on Parallel Processing,Conferência Internacional sobre Processamento Paralelo,A3
ICPR,International Conference on Pattern Recognition,Conferência Internacional sobre Reconhecimento de Padrões,A1
ICPRAM,International Conference on Pattern Recognition Applications and Methods,Conferência Internacional sobre Aplicações e Métodos de Reconhecimento de Padrões,B3
ICRA,IEEE International Conference on Robotics and Automation,Conferência Internacional IEEE sobre Robótica e Automação,A1
ICRAE,International Conference on Robotics and Automation Engineering,Conferência Internacional sobre Engenharia de Robótica e Automação,B3
ICS,International Conference on Supercomputing,Conferência Internacional sobre Supercomputação,A2
ICSA,International Conference on Software Architecture,Conferência Internacional sobre Arquitetura de Software,A2
ICSC,International Conference on Semantic Computing,Conferência Internacional sobre Computação Semântica,A3
ICSE,International Conference on Software Engineering,Conferência Internacional sobre Engenharia de Software,A1
ICSE-E,International Conference on Software Engineering Companion,Conferência Internacional sobre Engenharia de Software (Complementar),A3
ICSE-NIER,ACM International Conference on Software Engineering: New Ideas and Emerging Results,Conferência Internacional ACM sobre Engenharia de Software: Novas Ideias e Resultados Emergentes,A3
ICSE-SEET,ACM International Conference on Software Engineering: Software Engineering Education and Training,Conferência Internacional ACM sobre Engenharia de Software: Educação e Treinamento em Engenharia de Software,B1
ICSE-SEIP,ACM International Conference on Software Engineering: Software Engineering in Practice,Conferência Internacional ACM sobre Engenharia de Software: Engenharia de Software na Prática,A1
ICSE-SEIS,International Conference on Software Engineering: Software Engineering in Society,Conferência Internacional sobre Engenharia de Software: Engenharia de Software na Sociedade,B1
ICSESS,International Conference on Software Engineering and Service Science,Conferência Internacional sobre Engenharia de Software e Ciência de Serviços,A4
ICSI,International Conference on Swarm Intelligence,Conferência Internacional sobre Inteligência de Enxame,B1
ICSME,IEEE International Conference on Software Maintenance and Evolution,Conferência Internacional IEEE sobre Manutenção e Evolução de Software,A2
ICSOB,International Conference on Software Business,Conferência Internacional sobre Negócios de Software,B1
ICSOFT,International Conference on Software Technologies,Conferência Internacional sobre Tecnologias de Software,B1
ICSSP,International Conference on Software and Systems Process,Conferência Internacional sobre Processo de Software e Sistemas,B3
ICSTV,"IEEE International Conference on Software Testing, Verification and Validation","Conferência Internacional IEEE sobre Testes, Verificação e Validação de Software",A2
ICT,International Conference on Telecommunications,Conferência Internacional sobre Telecomunicações,A4
ICTAC,International Colloquium on Theoretical Aspects of Computing,Colóquio Internacional sobre Aspectos Teóricos da Computação,B1
ICTAI,IEEE International Conference on Tools with Artificial Intelligence,Conferência Internacional IEEE sobre Ferramentas com Inteligência Artificial,A2
ICTD,International Conference on Information & Communication Technologies and Development,Conferência Internacional sobre Tecnologias de Informação e Comunicação e Desenvolvimento,A3
ICTIR,Conference on the Theory of Information Retrieval,Conferência sobre a Teoria de Recuperação de Informação,A3
ICTON,International Conference on Transparent Optical Networks,Conferência Internacional sobre Redes Ópticas Transparentes,A4
ICTSS,IFIP International Conference on Testing Software and Systems,Conferência Internacional IFIP sobre Testes de Software e Sistemas,A3
ICUAS,International Conference on Unmanned Aircraft Systems,Conferência Internacional sobre Sistemas de Aeronaves Não Tripuladas,A2
ICUMT,International Conference on Ultra Modern Telecommunications,Conferência Internacional sobre Telecomunicações Ultra Modernas,A4
ICWN,International Conference on Wireless Networks,Conferência Internacional sobre Redes Sem Fio,A4
ICWSM,International AAAI Conference on Web and Social Media,Conferência Internacional AAAI sobre Web e Mídia Social,A1
IDA,International Symposium on Intelligent Data Analysis,Simpósio Internacional sobre Análise Inteligente de Dados,B1
IDEAL,International Conference on Intelligent Data Engineering and Automated Learning,Conferência Internacional sobre Engenharia de Dados Inteligente e Aprendizado Automatizado,B1
IDEAS,International Database Engineering and Applications Symposium,Simpósio Internacional de Engenharia e Aplicações de Banco de Dados,A3
IECON,Annual Conference of the IEEE Industrial Electronics Society,Conferência Anual da Sociedade de Eletrônica Industrial IEEE,A2
IEEE IST,IEEE International Conference on Imaging Systems and Techniques,Conferência Internacional IEEE sobre Sistemas e Técnicas de Imagem,A4
IEEECloudS,IEEE Cloud Summit,Cúpula de Nuvem IEEE,B2
IEEENANO,IEEE Conference on Nanotechnology,Conferência IEEE sobre Nanotecnologia,B1
IEEESCC,IEEE International Conference on Services Computing,Conferência Internacional IEEE sobre Computação de Serviços,A4
IESS,IFIP International Embedded Systems Symposium,Simpósio Internacional IFIP de Sistemas Embarcados,B4
IFAC,World Congress of the International Federation of Automatic Control,Congresso Mundial da Federação Internacional de Controle Automático,A1
IFSA,World Congress of International Fuzzy Systems Association,Congresso Mundial da Associação Internacional de Sistemas Fuzzy,B3
IGARSS,IEEE International Geoscience and Remote Sensing Symposium,Simpósio Internacional IEEE de Geociência e Sensoriamento Remoto,A1
IHC,Simpósio Brasileiro sobre Fatores Humanos em Sistemas Computacionais,Brazilian Symposium on Human Factors in Computing Systems,A3
IISA,"International Conference on Information, Intelligence, Systems and Applications","Conferência Internacional sobre Informação, Inteligência, Sistemas e Aplicações",A3
IISWC,IEEE International Symposium on Workload Characterization,Simpósio Internacional IEEE sobre Caracterização de Carga de Trabalho,A3
IIWAS,International Conference on Information Integration and Web-based Applications & Services,Conferência Internacional sobre Integração de Informação e Aplicações e Serviços Baseados na Web,A3
IJCAI,International Joint Conference on Artificial Intelligence,Conferência Internacional Conjunta sobre Inteligência Artificial,A1
IJCAR,International Joint Conference on Automated Reasoning,Conferência Internacional Conjunta sobre Raciocínio Automatizado,A4
IJCNLP,International Joint Conference on Natural Language Processing,Conferência Internacional Conjunta sobre Processamento de Linguagem Natural,A2
IJCNN,IEEE International Joint Conference on Neural Networks,Conferência Internacional Conjunta IEEE sobre Redes Neurais,A1
ILP,International Conference on Inductive Logic Programming,Conferência Internacional sobre Programação Lógica Indutiva,B3
IM,IFIP/IEEE International Symposium on Integrated Network Management,Simpósio Internacional IFIP/IEEE sobre Gestão Integrada de Redes,A2
IMBSA,International Symposium on Model-Based Safety and Assessment,Simpósio Internacional sobre Segurança e Avaliação Baseada em Modelos,B2
IMC,ACM Internet Measurement Conference,Conferência de Medição de Internet ACM,A1
IMOC,SBMO/IEEE MTT-S International Microwave and Optoelectronics Conference,Conferência Internacional de Micro-ondas e Optoeletrônica SBMO/IEEE MTT-S,B3
INDIN,IEEE International Conference on Industrial Informatics,Conferência Internacional IEEE sobre Informática Industrial,A3
INDUSCON,International Conference on Industry Applications,Conferência Internacional sobre Aplicações Industriais,B2
INFOCOM,IEEE International Conference on Computer Communications,Conferência Internacional IEEE sobre Comunicações de Computadores,A1
INFOCOM-E,IEEE International Conference on Computer Communications Companion,Conferência Internacional IEEE sobre Comunicações de Computadores (Complementar),A3
INLG,International Natural Language Generation conference,Conferência Internacional de Geração de Linguagem Natural,A2
INOC,International Network Optimization Conference,Conferência Internacional de Otimização de Redes,B3
INSCIT,"International Symposium on Instrumentation Systems, Circuits and Transducers","Simpósio Internacional sobre Sistemas de Instrumentação, Circuitos e Transdutores",B4
INTELLISYS,SAI Intelligent Systems Conference,Conferência de Sistemas Inteligentes SAI,A3
INTERACT,IFIP TC 13 International Conference on Human-Computer Interaction,Conferência Internacional IFIP TC 13 sobre Interação Humano-Computador,A3
INTERSPEECH,Conference of the International Speech Communication Association,Conferência da Associação Internacional de Comunicação por Fala,A1
IOLTS,IEEE International On-Line Testing Symposium,Simpósio Internacional IEEE de Testes On-Line,A4
IoTBDS,International Conference on Internet of Things and Big Data and Security,"Conferência Internacional sobre Internet das Coisas, Big Data e Segurança",B1
IPAW,International Provenance and Annotation Workshop,Workshop Internacional de Proveniência e Anotação,B3
IPCO,Conference on Integer Programming and Combinatorial Optimization,Conferência sobre Programação Inteira e Otimização Combinatória,A3
IPDPS,IEEE International Parallel & Distributed Processing Symposium,Simpósio Internacional IEEE de Processamento Paralelo e Distribuído,A1
IPDPS-E,IEEE International Parallel & Distributed Processing Symposium Companion,Simpósio Internacional IEEE de Processamento Paralelo e Distribuído (Complementar),A3
IPEC,International Symposium on Parameterized and Exact Computation,Simpósio Internacional sobre Computação Parametrizada e Exata,A3
IPMU,International Conference on Information Processing and Management of Uncertainty,Conferência Internacional sobre Processamento de Informação e Gestão de Incerteza,B1
IPTA,International Conference on Image Processing Theory Tools and Applications,"Conferência Internacional sobre Teoria, Ferramentas e Aplicações de Processamento de Imagem",A4
IRC,IEEE International Conference on Robotic Computing,Conferência Internacional IEEE sobre Computação Robótica,A3
IROS,IEEE/RSJ International Conference on Intelligent Robots and Systems,Conferência Internacional IEEE/RSJ sobre Robôs e Sistemas Inteligentes,A1
ISAAC,International Symposium on Algorithms and Computation,Simpósio Internacional sobre Algoritmos e Computação,A3
ISADS,International Symposium on Autonomous Decentralized Systems,Simpósio Internacional sobre Sistemas Descentralizados Autônomos,A4
ISBI,IEEE International Symposium on Biomedical Imaging,Simpósio Internacional IEEE de Imagem Biomédica,A1
ISBRA,International Symposium on Bioinformatics Research and Applications,Simpósio Internacional sobre Pesquisa e Aplicações em Bioinformática,B2
ISC,International Conference on Information Security,Conferência Internacional sobre Segurança da Informação,B1
ISC2,IEEE International Smart Cities Conference,Conferência Internacional IEEE de Cidades Inteligentes,A3
ISCAS,IEEE International Symposium on Circuits and Systems,Simpósio Internacional IEEE de Circuitos e Sistemas,A1
ISCC,International Symposium on Computers and Communications,Simpósio Internacional sobre Computadores e Comunicações,A2
ISCO,International Symposium on Combinatorial Optimization,Simpósio Internacional sobre Otimização Combinatória,B3
ISCRAM,International Conference on Information Systems for Crisis Response and Management,Conferência Internacional sobre Sistemas de Informação para Resposta e Gestão de Crises,A4
ISE,Workshop Brasileiro de Engenharia de Software Inteligente,Brazilian Workshop on Intelligent Software Engineering,B4
ISGT,IEEE PES Innovative Smart Grid Technologies,Tecnologias Inovadoras de Redes Inteligentes IEEE PES,A2
ISGT-Europe,IEEE PES Innovative Smart Grid Technologies Conference Europe,Conferência de Tecnologias Inovadoras de Redes Inteligentes IEEE PES Europa,A3
ISGT-LA,IEEE PES Innovative Smart Grid Technologies Conference Latin America,Conferência de Tecnologias Inovadoras de Redes Inteligentes IEEE PES América Latina,A4
ISIE,IEEE International Symposium on Industrial Electronics,Simpósio Internacional IEEE de Eletrônica Industrial,A3
ISIPTA,International Symposium on Imprecise Probabilities: Theories and Applications,Simpósio Internacional sobre Probabilidades Imprecisas: Teorias e Aplicações,B4
ISLA,Information Systems in Latin America,Sistemas de Informação na América Latina,B4
ISM,IEEE International Symposium on Multimedia,Simpósio Internacional IEEE de Multimídia,A3
ISMAR,IEEE International Symposium on Mixed and Augmented Reality,Simpósio Internacional IEEE de Realidade Mista e Aumentada,A1
ISMIR,International Society for Music Information Retrieval Conference,Conferência da Sociedade Internacional de Recuperação de Informação Musical,A1
ISMSI,"International Conference on Intelligent Systems, Metaheuristics & Swarm Intelligence","Conferência Internacional sobre Sistemas Inteligentes, Metaheurísticas e Inteligência de Enxame",B2
ISMVL,IEEE International Symposium on Multiple-Valued Logic,Simpósio Internacional IEEE de Lógica de Múltiplos Valores,B1
ISNN,International Symposium on Neural Networks,Simpósio Internacional sobre Redes Neurais,B1
ISORC,IEEE International Symposium on RealTime Distributed Computing,Simpósio Internacional IEEE de Computação Distribuída em Tempo Real,A4
ISPASS,IEEE International Symposium on Performance Analysis of Systems and Software,Simpósio Internacional IEEE de Análise de Desempenho de Sistemas e Software,A3
ISPDC,International Symposium on Parallel and Distributed Computing,Simpósio Internacional sobre Computação Paralela e Distribuída,B1
ISPRS,"ISPRS Annals of the Photogrammetry, Remote Sensing and Spatial Information Sciences","Anais da ISPRS de Fotogrametria, Sensoriamento Remoto e Ciências da Informação Espacial",A2
ISQED,International Symposium on Quality Electronic Design,Simpósio Internacional sobre Design Eletrônico de Qualidade,A3
ISSI,International Society of Scientometrics and Informetrics Conference,Conferência da Sociedade Internacional de Cientometria e Informetria,A4
ISSRE,IEEE International Symposium on Software Reliability Engineering,Simpósio Internacional IEEE de Engenharia de Confiabilidade de Software,A2
ISSRE-E,IEEE International Symposium on Software Reliability Engineering Companion,Simpósio Internacional IEEE de Engenharia de Confiabilidade de Software (Complementar),B1
ISSTA,International Symposium on Software Testing and Analysis,Simpósio Internacional sobre Testes e Análise de Software,A1
ISTAR,International iWorkshop,Workshop Internacional i,B4
ISVC,International Symposium on Visual Computing,Simpósio Internacional sobre Computação Visual,A4
ISVLSI,IEEE Computer Society Annual Symposium on VLSI,Simpósio Anual da Sociedade de Computação IEEE sobre VLSI,A3
ISWCS,International Symposium on Wireless Communication Systems,Simpósio Internacional sobre Sistemas de Comunicação Sem Fio,A3
ITC,International Test Conference,Conferência Internacional de Testes,A4
ITHET,International Conference on Information Technology Based Higher Education and Training,Conferência Internacional sobre Educação e Treinamento Superior Baseado em Tecnologia da Informação,B2
ITICSE,Joint Conference on Innovation and Technology in Computer Science Education,Conferência Conjunta sobre Inovação e Tecnologia na Educação em Ciência da Computação,A1
ITNG,International Conference on Information Technology : New Generations,Conferência Internacional sobre Tecnologia da Informação: Novas Gerações,A4
ITP,International Conference on Interactive Theorem Proving,Conferência Internacional sobre Prova Interativa de Teoremas,A3
ITS,International Conference on Augmented Intelligence and Intelligent Tutoring Systems,Conferência Internacional sobre Inteligência Aumentada e Sistemas de Tutoria Inteligente,A3
ITSC,IEEE International Conference on Intelligent Transportation Systems,Conferência Internacional IEEE sobre Sistemas de Transporte Inteligentes,A1
IUI,International Conference on Intelligent User Interfaces,Conferência Internacional sobre Interfaces Inteligentes de Usuário,A1
IV,International Conference on Information Visualization,Conferência Internacional sobre Visualização de Informações,A4
IVAPP,International Conference on Information Visualization Theory and Applications,Conferência Internacional sobre Teoria e Aplicações de Visualização de Informações,A4
IVS,IEEE Intelligent Vehicles Symposium,Simpósio IEEE de Veículos Inteligentes,A1
IWANN,International Work-Conference on Artificial Neural Networks,Conferência de Trabalho Internacional sobre Redes Neurais Artificiais,A4
IWBBIO,International Work-Conference on Bioinformatics and Biomedical Engineering,Conferência de Trabalho Internacional sobre Bioinformática e Engenharia Biomédica,A4
IWCMC,International Wireless Communications and Mobile Computing Conference,Conferência Internacional de Comunicações Sem Fio e Computação Móvel,A1
IWOCA,International Workshop on Combinatorial Algorithms,Workshop Internacional sobre Algoritmos Combinatórios,B2
IWSECO,International Workshop on Software Ecosystems,Workshop Internacional sobre Ecossistemas de Software,B3
IWSSIP,"International Conference on Systems, Signals and Image Processing","Conferência Internacional sobre Sistemas, Sinais e Processamento de Imagem",A3
jAUTI,Iberoamerican Conference on Applications and Usability of Interactive TV,Conferência Ibero-americana sobre Aplicações e Usabilidade de TV Interativa,B4
JCDL,ACM/IEEE Joint Conference on Digital Libraries,Conferência Conjunta ACM/IEEE sobre Bibliotecas Digitais,A3
JSSPP,Workshop on Job Scheduling Strategies for Parallel Processing,Workshop sobre Estratégias de Agendamento de Tarefas para Processamento Paralelo,B2
JURIX,International Conference on Legal Knowledge and Information Systems,Conferência Internacional sobre Conhecimento Jurídico e Sistemas de Informação,A4
KDD,ACM SIGKDD Conference on Knowledge Discovery and Data Mining,Conferência ACM SIGKDD sobre Descoberta de Conhecimento e Mineração de Dados,A1
KDMILE,"Symposium on Knowledge Discovery, Mining and Learning","Simpósio sobre Descoberta de Conhecimento, Mineração e Aprendizado",B2
KEPS,Workshop on Knowledge Engineering for Planning and Scheduling,Workshop sobre Engenharia de Conhecimento para Planejamento e Agendamento,B4
KR,International Conference on Principles of Knowledge Representation and Reasoning,Conferência Internacional sobre Princípios de Representação e Raciocínio de Conhecimento,A3
L@S,ACM Conference on Learning @ Scale,Conferência ACM sobre Aprendizado em Escala,A3
LA-CCI,Latin American Conference on Computational Intelligence,Conferência Latino-Americana sobre Inteligência Computacional,B2
LACLO,Latin American Conference on Learning Technologies,Conferência Latino-Americana sobre Tecnologias de Aprendizagem,B1
LADC,Latin-American Symposium on Dependable and Secure Computing,Simpósio Latino-Americano sobre Computação Confiável e Segura,A4
LAGOS,"Latin-American Algorithms, Graphs and Optimization Symposium","Simpósio Latino-Americano de Algoritmos, Grafos e Otimização",B4
LAK,International Learning Analytics and Knowledge Conference,Conferência Internacional sobre Análise de Aprendizado e Conhecimento,A1
LANC,Latin American Networking Conference,Conferência Latino-Americana de Redes,A3
LARS,IEEE Latin American Robotics Symposium,Simpósio Latino-Americano de Robótica IEEE,A4
LASCAS,IEEE Latin American Symposium on Circuits and Systems,Simpósio Latino-Americano de Circuitos e Sistemas IEEE,A3
LATIN,Latin American Theoretical Informatics Symposium,Simpósio Latino-Americano de Informática Teórica,A3
LATINCOM,IEEE Latin-American Conference on Communications,Conferência Latino-Americana de Comunicações IEEE,B1
LATINCRYPT,International Conference on Cryptology and Information Security in Latin America,Conferência Internacional sobre Criptologia e Segurança da Informação na América Latina,A4
LATINOWARE,Congresso Latino-americano de Software Livre e Tecnologias Abertas,Latin American Congress on Free Software and Open Technologies,B4
LATS,IEEE Latin American Test Symposium,Simpósio Latino-Americano de Testes IEEE,B1
LAW,Linguistic Annotation Workshop,Workshop de Anotação Linguística,B2
LCN,IEEE Conference on Local Computer Networks,Conferência IEEE sobre Redes Locais de Computadores,A3
LIDTA,Workshop on Learning with Imbalanced Domains: Theory and Applications,Workshop sobre Aprendizado com Domínios Desbalanceados: Teoria e Aplicações,B3
LREC,International Conference on Language Resources and Evaluation,Conferência Internacional sobre Recursos e Avaliação de Linguagem,A1
MABS,International Workshop on Multi-Agent Based Simulation,Workshop Internacional sobre Simulação Baseada em Multiagentes,B3
MASCOTS,"International Symposium on the Modeling, Analysis, and Simulation of Computer and Telecommunication Systems","Simpósio Internacional sobre Modelagem, Análise e Simulação de Sistemas de Computação e Telecomunicações",A4
MEDINFO,World Congress on Medical and Health Informatics,Congresso Mundial de Informática Médica e de Saúde,A1
MEMEA,IEEE International Symposium on Medical Measurements and Applications,Simpósio Internacional IEEE sobre Medições Médicas e Aplicações,A3
MEMSYS,International Symposium on Memory Systems,Simpósio Internacional sobre Sistemas de Memória,A4
MFCS,International Symposium on Mathematical Foundations of Computer Science,Simpósio Internacional sobre Fundamentos Matemáticos da Ciência da Computação,A3
MFI,IEEE International Conference on Multisensor Fusion and Integration for Intelligent Systems,Conferência Internacional IEEE sobre Fusão e Integração de Sensores para Sistemas Inteligentes,A4
MIC,Metaheuristics International Conference,Conferência Internacional de Metaheurísticas,B3
MICAI,Mexican International Conference on Artificial Intelligence,Conferência Internacional Mexicana sobre Inteligência Artificial,B1
MICCAI,International Conference on Medical Image Computing and Computer Assisted Intervention,Conferência Internacional sobre Computação de Imagem Médica e Intervenção Assistida por Computador,A1
MIDDLEWARE,International Middleware Conference,Conferência Internacional de Middleware,A3
MILCOM,Military Communications Conference,Conferência de Comunicações Militares,A3
MLDM,International Conference on Machine Learning and Data Mining in Pattern Recognition,Conferência Internacional sobre Aprendizado de Máquina e Mineração de Dados em Reconhecimento de Padrões,B4
MLS,Conference on Machine Learning and Systems,Conferência sobre Aprendizado de Máquina e Sistemas,A1
MLSP,IEEE International Workshop on Machine Learning for Signal Processing,Workshop Internacional IEEE sobre Aprendizado de Máquina para Processamento de Sinais,A3
MMAR,International Conference on Methods and Models in Automation and Robotics,Conferência Internacional sobre Métodos e Modelos em Automação e Robótica,B2
MMM,International Conference on Multimedia Modelling,Conferência Internacional sobre Modelagem Multimídia,A2
MMSP,International Workshop on Multimedia and Signal Processing,Workshop Internacional sobre Multimídia e Processamento de Sinais,A3
MMSYS,ACM Multimedia Systems Conference,Conferência ACM sobre Sistemas Multimídia,A2
MOBICOM,ACM/IEEE International Conference on Mobile Computing and Networking,Conferência Internacional ACM/IEEE sobre Computação e Redes Móveis,A1
MOBIHEALTH,EAI International Conference on Wireless Mobile Communication and Healthcare,Conferência Internacional EAI sobre Comunicação Móvel Sem Fio e Saúde,B3
MOBILESOFT,International Conference on Mobile Software Engineering and Systems,Conferência Internacional sobre Engenharia e Sistemas de Software Móvel,B2
MOBIQUITOUS,"EAI International Conference on Mobile and Ubiquitous Systems: Computing, Networking and Services","Conferência Internacional EAI sobre Sistemas Móveis e Ubíquos: Computação, Redes e Serviços",A4
MobiSys,"Annual International Conference on Mobile Systems, Applications, and Services","Conferência Internacional Anual sobre Sistemas, Aplicações e Serviços Móveis",A1
MOBIWAC,ACM International Symposium on Mobility Management and Wireless Access,Simpósio Internacional ACM sobre Gestão de Mobilidade e Acesso Sem Fio,B3
MODELS,International Conference on Model Driven Engineering Languages and Systems,Conferência Internacional sobre Linguagens e Sistemas de Engenharia Dirigida por Modelos,A2
MODELSWARD,International Conference on Model-Driven Engineering and Software Development,Conferência Internacional sobre Engenharia Dirigida por Modelos e Desenvolvimento de Software,B1
MSR,Working Conference on Mining Software Repositories,Conferência de Trabalho sobre Mineração de Repositórios de Software,A1
MSSIS,Workshop deModelagem e Simulação de Sistemas Intensivos em Software,Workshop on Modeling and Simulation of Software-Intensive Systems,B4
MSWIM,"ACM International Conference on Modeling, Analysis and Simulation of Wireless and Mobile Systems","Conferência Internacional ACM sobre Modelagem, Análise e Simulação de Sistemas Sem Fio e Móveis",A4
MTSR,International Conference on Metadata and Semantics Research,Conferência Internacional sobre Pesquisa em Metadados e Semântica,B2
MWSCAS,International Midwest Symposium on Circuits and Systems,Simpósio Internacional do Meio-Oeste sobre Circuitos e Sistemas,A3
NAACL,North American Chapter of the Association for Computational Linguistics Annual Meeting,Reunião Anual do Capítulo Norte-Americano da Associação de Linguística Computacional,A1
NCA,IEEE International Symposium on Network Computing and Applications,Simpósio Internacional IEEE sobre Computação em Rede e Aplicações,A4
NETSOFT,IEEE Conference on Network Softwarization,Conferência IEEE sobre Softwarização de Redes,A2
NetSys,International Conference on Networked Systems,Conferência Internacional sobre Sistemas em Rede,B1
NETWORKING,IFIP Networking Conference,Conferência de Redes IFIP,A3
NEURIPS,Neural Information Processing Systems,Sistemas de Processamento de Informação Neural,A1
NEWCAS,IEEE International New Circuits and Systems Conference,Conferência Internacional IEEE sobre Novos Circuitos e Sistemas,B1
NFV-SDN,IEEE Conference on Network Function Virtualization and Software Defined Networks,Conferência IEEE sobre Virtualização de Funções de Rede e Redes Definidas por Software,A4
NIME,International Conference on New Interfaces for Musical Expression,Conferência Internacional sobre Novas Interfaces para Expressão Musical,A3
NLDB,International Conference on Application of Natural Language to Information Systems,Conferência Internacional sobre Aplicação de Linguagem Natural a Sistemas de Informação,A4
NOF,International Conference on Network of the Future,Conferência Internacional sobre Rede do Futuro,B2
NOMS,IEEE/IFIP Network Operations and Management Symposium,Simpósio IEEE/IFIP de Operações e Gestão de Redes,A2
NORDICHI,Nordic Conference on Human-Computer Interaction,Conferência Nórdica sobre Interação Humano-Computador,A3
NTMS,"IFIP International Conference on New Technologies, Mobility and Security","Conferência Internacional IFIP sobre Novas Tecnologias, Mobilidade e Segurança",A4
OCEAN,IEEE Oceans Conference,Conferência IEEE Oceans,B3
OM,International Workshop on Ontology Matching,Workshop Internacional sobre Correspondência de Ontologias,A4
ONDM,Conference on Optical Network Design and Modeling,Conferência sobre Design e Modelagem de Redes Ópticas,A4
ONTOBRAS,Seminar on Ontology Research in Brazil,Seminário de Pesquisa em Ontologia no Brasil,B2
OOPSLA,"Conference on Object-Oriented Programming Systems, Languages, and Applications","Conferência sobre Sistemas, Linguagens e Aplicações de Programação Orientada a Objetos",B3
OPENSCIENSE,Workshop de Práticas de Ciência Aberta Para Engenharia de Software,Workshop on Open Science Practices for Software Engineering,B4
OPENSYM,International Symposium on Open Collaboration,Simpósio Internacional sobre Colaboração Aberta,B1
OSS,International Conference on Open Source Systems,Conferência Internacional sobre Sistemas de Código Aberto,B1
OZCHI,Australian Conference on Human-Computer Interaction,Conferência Australiana sobre Interação Humano-Computador,A3
PAAMS,"International Conference on Practical Applications of Agents, Multi-Agent Systems and Sustainability","Conferência Internacional sobre Aplicações Práticas de Agentes, Sistemas Multiagentes e Sustentabilidade",B1
PACBB,International Conference on Practical Applications of Computational Biology & Bioinformatics,Conferência Internacional sobre Aplicações Práticas de Biologia Computacional e Bioinformática,A4
PACIS,Pacific Asia Conference on Information Systems,Conferência da Ásia-Pacífico sobre Sistemas de Informação,A3
PACTT,International Conference on Parallel Architectures and Compilation Techniques,Conferência Internacional sobre Arquiteturas Paralelas e Técnicas de Compilação,A3
PAKDD,Pacific-Asia Conference on Knowledge Discovery and Data Mining,Conferência da Ásia-Pacífico sobre Descoberta de Conhecimento e Mineração de Dados,A2
PAM,Passive and Active Network Measurement Conference,Conferência sobre Medição de Rede Passiva e Ativa,A3
PCS,Picture Coding Symposium,Simpósio de Codificação de Imagem,A4
PDP,"Euromicro International Conference on Parallel, Distributed and Network-Based Processing","Conferência Internacional Euromicro sobre Processamento Paralelo, Distribuído e Baseado em Rede",A3
PE-WASUN,"ACM International Symposium on Performance Evaluation of Wireless Ad Hoc, Sensor, and Ubiquitous Networks","Simpósio Internacional ACM sobre Avaliação de Desempenho de Redes Sem Fio Ad Hoc, Sensores e Ubíquas",B4
PERCOM-E,International Conference on Pervasive Computing and Communications Companion,Conferência Internacional sobre Computação e Comunicações Pervasivas (Complementar),A3
PERVASIVEHEALTH,International Conference on Pervasive Computing Technologies for Healthcare,Conferência Internacional sobre Tecnologias de Computação Pervasiva para Saúde,A3
PETRA,ACM International Conference on PErvasive Technologies Related to Assistive Environments,Conferência Internacional ACM sobre Tecnologias Pervasivas Relacionadas a Ambientes Assistivos,A3
PIMRC,"International Symposium on Personal, Indoor and Mobile Radio Communications","Simpósio Internacional sobre Comunicações Pessoais, Internas e Rádio Móvel",A2
PKC,International Conference on Practice and Theory in Public Key Cryptography,Conferência Internacional sobre Prática e Teoria em Criptografia de Chave Pública,A1
PLOP,Conference on Pattern Languages of Programs,Conferência sobre Linguagens de Padrões de Programas,B1
PODC,ACM Symposium on Principles of Distributed Computing,Simpósio ACM sobre Princípios de Computação Distribuída,A2
PoEM,IFIP WG 8.1 Working Conference on the Practice of Enterprise Modelling,Conferência de Trabalho IFIP WG 8.1 sobre a Prática de Modelagem Empresarial,B2
PPAM,International Conference on Parallel Processing and Applied Mathematics,Conferência Internacional sobre Processamento Paralelo e Matemática Aplicada,B2
PPSN,International Conference on Parallel Problem Solving from Nature,Conferência Internacional sobre Resolução de Problemas Paralelos a partir da Natureza,A4
PRDC,Pacific Rim International Symposium on Dependable Computing,Simpósio Internacional da Bacia do Pacífico sobre Computação Confiável,A4
PRIMA,nternational Conference on Principles and Practice of Multi-Agent Systems,Conferência Internacional sobre Princípios e Prática de Sistemas Multiagentes,B2
PROFES,International Conference on Product-Focused Software Process Improvement,Conferência Internacional sobre Melhoria de Processo de Software Focada em Produto,A3
PROMISE,International Conference on Predictive Models and Data Analytics in Software Engineering,Conferência Internacional sobre Modelos Preditivos e Análise de Dados em Engenharia de Software,B1
PROPOR,International Conference on Computational Processing of the Portuguese Language,Conferência Internacional sobre Processamento Computacional da Língua Portuguesa,A4
PST,"International Conference on Privacy, Security and Trust","Conferência Internacional sobre Privacidade, Segurança e Confiança",A4
QoMEX,International Workshop on Quality of Multimedia Experience,Workshop Internacional sobre Qualidade da Experiência Multimídia,A3
QRS,"IEEE International Conference on Software Quality, Reliability, and Security","Conferência Internacional IEEE sobre Qualidade, Confiabilidade e Segurança de Software",A3
QUATIC,International Conference on Quality of Information and Communications Technology,Conferência Internacional sobre Qualidade de Tecnologia da Informação e Comunicação,B1
RANLP,International Conference on Recent Advances in Natural Language Processing,Conferência Internacional sobre Avanços Recentes no Processamento de Linguagem Natural,A2
RCIS,International Conference on Research Challenges in Information Science,Conferência Internacional sobre Desafios de Pesquisa em Ciência da Informação,A4
RE,IEEE International Requirements Engineering Conference,Conferência Internacional IEEE de Engenharia de Requisitos,A2
RECSYS,ACM Conference on Recommender Systems,Conferência ACM sobre Sistemas de Recomendação,A1
REFSQ,International Working Conference on Requirements Engineering: Foundations for Software Quality,Conferência Internacional de Trabalho sobre Engenharia de Requisitos: Fundamentos para Qualidade de Software,A3
RO-MAN,IEEE International Symposium on Robot and Human Interactive Communication,Simpósio Internacional IEEE de Comunicação Interativa entre Robôs e Humanos,A2
ROBOCUP,Robocup International Symposium,Simpósio Internacional Robocup,A4
ROBOT,Iberian Robotics Conference,Conferência Ibérica de Robótica,B1
RTAS,IEEE REAL-TIME AND EMBEDDED TECHNOLOGY AND APPLICATIONS SYMPOSIUM,Simpósio IEEE de Tecnologia e Aplicações em Tempo Real e Embarcadas,A2
RTSS,Real-Time Systems Symposium,Simpósio de Sistemas de Tempo Real,A3
RuleML+RR,International Joint Conference on Rules and Reasoning,Conferência Internacional Conjunta sobre Regras e Raciocínio,B1
SAC,ACM Symposium on Applied Computing,Simpósio ACM sobre Computação Aplicada,A1
SACI,IEEE International Symposium on Applied Computational Intelligence and Informatics,Simpósio Internacional IEEE de Inteligência Computacional Aplicada e Informática,B1
SAMOS,"International Conference on Embedded Computer Systems: Architectures, Modeling and Simulation","Conferência Internacional sobre Sistemas de Computação Embarcados: Arquiteturas, Modelagem e Simulação",B2
SANER,"IEEE International Conference on Software Analysis, Evolution and Reengineering","Conferência Internacional IEEE sobre Análise, Evolução e Reengenharia de Software",A1
SAS,IEEE Sensors Applications Symposium,Simpósio de Aplicações de Sensores IEEE,A3
SAST,Brazilian Symposium on Systematic and Automated Software Testing,Simpósio Brasileiro de Testes de Software Sistemáticos e Automatizados,B1
SBAC-PAD,International Symposium on Computer Architecture and High Performance Computing,Simpósio Internacional sobre Arquitetura de Computadores e Computação de Alto Desempenho,A3
SBAI,Simpósio Brasileiro de Automação Inteligente,Brazilian Symposium on Intelligent Automation,B4
SBBD,Simpósio Brasileiro de Banco de Dados,Brazilian Symposium on Databases,A4
SBCARS,"Brazilian Symposium on Components, Architectures and Reuse Software","Simpósio Brasileiro de Componentes, Arquiteturas e Reuso de Software",B1
SBCAS,Simpósio Brasileiro de Computação Aplicada à Saúde,Brazilian Symposium on Computing Applied to Health,A4
SBCCI,Symposium on Integrated Circuits and Systems Design,Simpósio sobre Design de Circuitos e Sistemas Integrados,A4
SBCM,Simpósio Brasileiro de Computação Musical,Brazilian Symposium on Computer Music,A4
SBCUP,Simpósio Brasileiro de Computação Ubíqua e Pervasiva,Brazilian Symposium on Ubiquitous and Pervasive Computing,B4
SBES,Brazilian Symposium on Software Engineering,Simpósio Brasileiro de Engenharia de Software,A3
SBESC,Symposium on Computing Systems Engineering,Simpósio sobre Engenharia de Sistemas Computacionais,A4
SBGAMES,Simpósio Brasileiro de Jogos e Entretenimento Digital,Brazilian Symposium on Games and Digital Entertainment,A4
SBGAMES-E,Simpósio Brasileiro de Jogos e Entretenimento Digital Companion,Simpósio Brasileiro de Jogos e Entretenimento Digital (Complementar),B2
SBIAGRO,Congresso Brasileiro de Agroinformática,Brazilian Congress on Agroinformatics,B4
SBIE,Simpósio Brasileiro de Informática na Educação,Brazilian Symposium on Informatics in Education,A3
SBLP,Brazilian Symposium on Programming Languages,Simpósio Brasileiro de Linguagens de Programação,A4
SBMF,Brazilian Symposium on Formal Methods,Simpósio Brasileiro de Métodos Formais,A4
SBMICRO,Symposium on Microelectronics Technology and Devices,Simpósio sobre Tecnologia e Dispositivos de Microeletrônica,B3
SBPO,Simpósio Brasileiro de Pesquisa Operacional,Brazilian Symposium on Operations Research,A4
SBQS,Simpósio Brasileiro de Qualidade de Software,Brazilian Symposium on Software Quality,A3
SBRC,Simpósio Brasileiro de Redes de Computadores e Sistemas Distribuídos,Brazilian Symposium on Computer Networks and Distributed Systems,A4
SBrT,Simpósio Brasileiro de Telecomunicações e Processamento de Sinais,Brazilian Symposium on Telecommunications and Signal Processing,B4
SBSC,Simpósio Brasileiro de Sistemas Colaborativos,Brazilian Symposium on Collaborative Systems,A4
SBSE,Simpósio Brasileiro de Sistemas Elétricos,Brazilian Symposium on Electric Systems,B4
SBSeg,Simpósio Brasileiro de Segurança da Informação e de Sistemas Computacionais,Brazilian Symposium on Information and Computer Systems Security,A4
SBSI,Simpósio Brasileiro de Sistemas de Informação,Brazilian Symposium on Information Systems,A4
SBSI-E,Simpósio Brasileiro de Sistemas de Informação Companion,Brazilian Symposium on Information Systems (Complementar),B3
SBSR,Simpósio Brasileiro de Sensoriamento Remoto,Brazilian Symposium on Remote Sensing,B2
SC,"International Conference for High Performance Computing, Networking, Storage and Analysis","Conferência Internacional de Computação de Alto Desempenho, Redes, Armazenamento e Análise",A1
SCAM,IEEE International Working Conference on Source Code Analysis and Manipulation,Conferência Internacional de Trabalho IEEE sobre Análise e Manipulação de Código Fonte,A3
SCCC,International Conference of the Chilean Computer Science Society,Conferência Internacional da Sociedade Chilena de Ciência da Computação,B1
SCS,Symposium on Combinatorial Search,Simpósio sobre Busca Combinatória,A3
SDM,SIAM International Conference on Data Mining,Conferência Internacional SIAM sobre Mineração de Dados,A1
SDS,International Conference on Software Defined Systems,Conferência Internacional sobre Sistemas Definidos por Software,A4
SDSS,Spatial Data Science Symposium,Simpósio de Ciência de Dados Espaciais,B2
SEA,International Symposium on Experimental Algorithms,Simpósio Internacional sobre Algoritmos Experimentais,B1
SEAA,Euromicro Conference on Software Engineering and Advanced Applications,Conferência Euromicro sobre Engenharia de Software e Aplicações Avançadas,A3
SEAMS,International Symposium on Software Engineering for Adaptive and Self-Managing Systems,Simpósio Internacional sobre Engenharia de Software para Sistemas Adaptativos e Auto-Gerenciáveis,A3
SECRYPT,International Conference on Security and Cryptography,Conferência Internacional sobre Segurança e Criptografia,B2
SEFM,International Conference on Software Engineering and Formal Methods,Conferência Internacional sobre Engenharia de Software e Métodos Formais,A3
SEGAH,International Conference on Serious Games and Applications for Health,Conferência Internacional sobre Jogos Sérios e Aplicações para a Saúde,A3
SEH,International Workshop on Software Engineering in Healthcare,Workshop Internacional sobre Engenharia de Software na Saúde,B4
SEKE,International Conference on Software Engineering and Knowledge Engineering,Conferência Internacional sobre Engenharia de Software e Engenharia de Conhecimento,B1
SEMEVAL,International Workshop on Semantic Evaluation,Workshop Internacional sobre Avaliação Semântica,A1
SEMISH,Seminário Integrado de Software e Hardware,Integrated Seminar on Software and Hardware,A4
SEPLN,CONFERENCE OF THE SPANISH SOCIETY FOR NATURAL LANGUAGE PROCESSING,Conferência da Sociedade Espanhola de Processamento de Linguagem Natural,B3
SER&IP,IEEE/ACM International Workshop on Software Engineering Research and Industrial Practice,Workshop Internacional IEEE/ACM sobre Pesquisa em Engenharia de Software e Prática Industrial,B3
SERP4IOT,International Workshop on Software Engineering Research & Practices for the Internet of Things,Workshop Internacional sobre Pesquisa e Práticas de Engenharia de Software para a Internet das Coisas,B4
SESoS,International Workshop on Software Engineering for Systems-of-Systems and Software Ecosystems,Workshop Internacional sobre Engenharia de Software para Sistemas de Sistemas e Ecossistemas de Software,B2
SIBGRAPI,"Conference on Graphics, Patterns and Images","Conferência sobre Gráficos, Padrões e Imagens",A3
SIGCSE,ACM Technical Symposium on Computer Science Education,Simpósio Técnico ACM sobre Educação em Ciência da Computação,A1
SIGDOC,ACM International Conference on Design of Communication,Conferência Internacional ACM sobre Design de Comunicação,B2
SIGGRAPH,International Conference and Exibition on Computer Graphics and Interactive Techniques,Conferência e Exposição Internacional sobre Computação Gráfica e Técnicas Interativas,A3
SIGGRAPH Asia,ACM International Conference on Computer Graphics & Interactive Techniques / Asia,Conferência Internacional ACM sobre Computação Gráfica e Técnicas Interativas / Ásia,A2
SIGIR,International ACM SIGIR Conference on Research and Development in Information Retrieval,Conferência Internacional ACM SIGIR sobre Pesquisa e Desenvolvimento em Recuperação de Informação,A1
SIGMETRICS,International Conference on Measurement and Modeling of Computer Systems,Conferência Internacional sobre Medição e Modelagem de Sistemas Computacionais,A1
SIGSPATIAL,ACM SIGSPATIAL International Conference on Advances in Geographic Information Systems,Conferência Internacional ACM SIGSPATIAL sobre Avanços em Sistemas de Informação Geográfica,A3
SIIE,Simpósio Internacional de Informática Educatica,International Symposium on Educational Informatics,B2
SIMBIG,Annual International Symposium on Information Management and Big Data,Simpósio Internacional Anual sobre Gestão da Informação e Big Data,B3
SIMULTECH,"International Conference on Simulation and Modeling Methodologies, Technologies and Applications","Conferência Internacional sobre Metodologias, Tecnologias e Aplicações de Simulação e Modelagem",B2
SIMUTOOLS,EAI International Conference on Simulation Tools and Techniques,Conferência Internacional EAI sobre Ferramentas e Técnicas de Simulação,B2
SIPAIM,International Symposium on Medical Information Processing and Analysis,Simpósio Internacional sobre Processamento e Análise de Informações Médicas,B2
SISAP,International Conference on Similarity Search and Applications,Conferência Internacional sobre Busca por Similaridade e Aplicações,B2
SLATE,"Symposium on Languages, Applications and Technologies","Simpósio sobre Linguagens, Aplicações e Tecnologias",B3
SMARTCOMP,International Conference on Smart Computing,Conferência Internacional sobre Computação Inteligente,A3
SMARTGRIDCOMM,IEEE International Conference on Smart Grid Communications,Conferência Internacional IEEE sobre Comunicações de Redes Inteligentes,A2
SMC,"IEEE International Conference on Systems, Man and Cybernetics","Conferência Internacional IEEE sobre Sistemas, Homem e Cibernética",A1
SOCINFO,International Conference on Social Informatics,Conferência Internacional sobre Informática Social,B3
SODA,ACM-SIAM Symposium on Discrete Algorithms,Simpósio ACM-SIAM sobre Algoritmos Discretos,A1
SOFSEM,International Conference on Current Trends in Theory and Practice of Computer Science,Conferência Internacional sobre Tendências Atuais na Teoria e Prática da Ciência da Computação,B4
SOFTCOM,"International Conference on Software, Telecommunications and Computer Networks","Conferência Internacional sobre Software, Telecomunicações e Redes de Computadores",A4
SOSA,Siam Symposium on Simplicity in Algorithms,Simpósio SIAM sobre Simplicidade em Algoritmos,A4
SOSEC,IEEE Annual System of Systems Engineering Conference,Conferência Anual IEEE de Engenharia de Sistemas de Sistemas,A4
SOSR,Symposium on Software Defined Networking Research,Simpósio sobre Pesquisa em Redes Definidas por Software,B4
SPATIALGEMS,ACM SIGSPATIAL International Workshop on Spatial Gems,Workshop Internacional ACM SIGSPATIAL sobre Joias Espaciais,B4
SPIE,Proceedings of SPIE--The International Society for Optical Engineering,Anais da SPIE--A Sociedade Internacional de Engenharia Óptica,A3
SPIEMI,Medical Imaging: Image Processing,Imagem Médica: Processamento de Imagem,A3
SPIRE,International Symposium on String Processing and Information Retrieval,Simpósio Internacional sobre Processamento de Strings e Recuperação de Informação,B1
SPLC,International Software Product Line Conference,Conferência Internacional de Linha de Produtos de Software,A2
SPLITECH,International Conference on Smart and Sustainable Technologies,Conferência Internacional sobre Tecnologias Inteligentes e Sustentáveis,A4
SRDS,IEEE Symposium on Reliable Distributed Systems,Simpósio IEEE sobre Sistemas Distribuídos Confiáveis,A3
SSCAD,Simpósio em Sistemas Computacionais de Alto Desempenho,Symposium on High Performance Computer Systems,A4
SSCI,IEEE Symposium Series on Computational Intelligence,Série de Simpósios IEEE sobre Inteligência Computacional,A2
SSDBM,International Conference on Scientific and Statistical Database Management,Conferência Internacional sobre Gestão de Bancos de Dados Científicos e Estatísticos,A3
SSE,IEEE International Conference on Software Services Engineering,Conferência Internacional IEEE sobre Engenharia de Serviços de Software,A4
SSIAI,Southwest Symposium on Image Analysis and Interpretation,Simpósio Sudoeste sobre Análise e Interpretação de Imagem,B2
STIL,Brazilian Symposium in Information and Human Language Technology,Simpósio Brasileiro de Tecnologia da Informação e Linguagem Humana,B1
STOC,ACM Symposium on Theory of Computing,Simpósio ACM sobre Teoria da Computação,A1
SVR,Symposium on Virtual and Augmented Reality,Simpósio sobre Realidade Virtual e Aumentada,A3
SWQD,Conference Software Quality Days,Conferência de Dias de Qualidade de Software,A4
SYSCON,IEEE International Systems Conference,Conferência Internacional IEEE de Sistemas,A4
TABLEAUX,International Conference on Automated Reasoning with Analytic Tableaux and Related Methods,Conferência Internacional sobre Raciocínio Automatizado com Tableaux Analíticos e Métodos Relacionados,B2
TACAS,International Conference on Tools and Algorithms for the Construction and Analysis of Systems,Conferência Internacional sobre Ferramentas e Algoritmos para a Construção e Análise de Sistemas,A1
TASE,Theoretical Aspects of Software Engineering,Aspectos Teóricos da Engenharia de Software,B1
TECHDEBT,International Conference on Technical Debt,Conferência Internacional sobre Dívida Técnica,A3
TEEM,Technological Ecosystems for Enhancing Multiculturality,Ecossistemas Tecnológicos para Melhorar a Multiculturalidade,A3
TISE,Congreso Internacional de Informática Educativa,International Congress on Educational Informatics,B4
TMA,The Network Traffic Measurement and Analysis Conference,Conferência de Medição e Análise de Tráfego de Rede,A4
TRUST,International Workshop on Trust in Agent societies,Workshop Internacional sobre Confiança em Sociedades de Agentes,B4
TRUSTCOM,"International Conference on Trust, Security and Privacy in Computing and Communications","Conferência Internacional sobre Confiança, Segurança e Privacidade em Computação e Comunicações",A2
TSD,"International Conference on Text, Speech and Dialogue","Conferência Internacional sobre Texto, Fala e Diálogo",A3
UBIMUS,Workshop de Música Ubíqua,Workshop on Ubiquitous Music,B4
UCC,IEEE/ACM International Conference on Utility and Cloud Computing,Conferência Internacional IEEE/ACM sobre Computação em Nuvem e Utilidade,A3
UMAP,"ACM Conference on User Modeling, Adaptation and Personalization","Conferência ACM sobre Modelagem de Usuário, Adaptação e Personalização",A2
UNIF,International Workshop on Unification,Workshop Internacional sobre Unificação,B4
USIHC,Congresso Internacional de Ergonomia e Usabilidade de Interfaces Humano Computador,International Congress on Ergonomics and Usability of Human-Computer Interfaces,B4
VAMOS,International Workshop on Variability Modelling of Software-intensive Systems,Workshop Internacional sobre Modelagem de Variabilidade de Sistemas Intensivos em Software,A3
VCIP,IEEE International Conference on Visual Communications and Image Processing,Conferência Internacional IEEE sobre Comunicações Visuais e Processamento de Imagens,A4
VEM,"Workshop on Software Visualization, Evolution and Maintenance","Workshop sobre Visualização, Evolução e Manutenção de Software",B3
VIDEOJOGOS,Conference on Videogame Sciences and Arts,Conferência sobre Ciências e Artes de Videogames,B4
VISAPP,International Conference on Computer Vision Theory and Applications,Conferência Internacional sobre Teoria e Aplicações de Visão Computacional,A2
VISIGRAPP,"Conference on Computer Vision, Imaging and Computer Graphics Theory and Applications","Conferência sobre Visão Computacional, Imagem e Teoria e Aplicações de Computação Gráfica",B2
VISSOFT,IEEE Working Conference on Software Visualization,Conferência de Trabalho IEEE sobre Visualização de Software,B2
VLHCC,IEEE Symposium on Visual Languages and Human-Centric Computing,Simpósio IEEE sobre Linguagens Visuais e Computação Centrada no Humano,A4
VLSI-SOC,IEEE/IFIP International Conference on VLSI and System-on-Chip,Conferência Internacional IEEE/IFIP sobre VLSI e Sistema em um Chip,A3
VNC,IEEE Vehicular Networking Conference,Conferência IEEE de Redes Veiculares,A4
VR,IEEE Conference Virtual Reality and 3D User Interfaces,Conferência IEEE sobre Realidade Virtual e Interfaces de Usuário 3D,A1
VRST,ACM Symposium on Virtual Reality Software and Technology,Simpósio ACM sobre Software e Tecnologia de Realidade Virtual,A2
VTC,Vehicular Technology Conference,Conferência de Tecnologia Veicular,A1
VTS,IEEE VLSI Test Symposium,Simpósio de Testes VLSI IEEE,A4
W4A,Conference on Web Accessibility,Conferência sobre Acessibilidade Web,A4
WABI,Workshop on Algorithms in Bioinformatics,Workshop sobre Algoritmos em Bioinformática,A3
WAC,Web Audio Conference,Conferência de Áudio Web,B3
WACV,Workshop on Applications of Computer Vision,Workshop sobre Aplicações de Visão Computacional,A1
WAIHCWS,Workshop sobre Aspectos da Interação Humano-Computador para a Web Social,Workshop on Aspects of Human-Computer Interaction for the Social Web,B3
WALCOM,International Workshop on Algorithms and Computation,Workshop Internacional sobre Algoritmos e Computação,B2
WAOA,Workshop on Approximation and Online Algorithms,Workshop sobre Algoritmos de Aproximação e Online,B3
WASHES,"Workshop sobre Aspectos Sociais, Humanos e Econômicos de Software","Workshop on Social, Human and Economic Aspects of Software",B2
WASSA,"Workshop on Computational Approaches to Subjectivity, Sentiment and Social Media Analysis","Workshop sobre Abordagens Computacionais para Subjetividade, Sentimento e Análise de Mídia Social",A4
WAVE,Workshop on Advanced Virtual Environments and Education,Workshop sobre Ambientes Virtuais Avançados e Educação,B4
WBCI,Workshop Brasileiro de Cidades Inteligentes,Brazilian Workshop on Smart Cities,B4
WBL,Workshop Brasileiro de Lógica,Brazilian Workshop on Logic,B4
WBLOCKCHAIN,"Workshop em Blockchain: Teoria, Tecnologias e Aplicações","Workshop on Blockchain: Theory, Technologies and Applications",B4
WBMA,Workshop Brasileiro de Métodos Ágeis,Brazilian Workshop on Agile Methods,B4
WCAMA,Workshop de Computação Aplicada à Gestão do Meio Ambiente e Recursos Naturais,Workshop on Computing Applied to Environmental and Natural Resource Management,B4
WCAS,Workshop on Circuits and Systems Design,Workshop sobre Design de Circuitos e Sistemas,B4
WCGE,Workshop de Computação Aplicada ao Governo Eletrônico,Workshop on Computing Applied to E-Government,B4
WCNC,IEEE Wireless Communications and Networking Conference,Conferência IEEE de Comunicações e Redes Sem Fio,A2
WCNPS,Workshop on Communication Networks and Power Systems,Workshop sobre Redes de Comunicação e Sistemas de Energia,B2
WD,Wireless Days Conference,Conferência Wireless Days,A4
WEB3D,International Conference on 3D Web Technology,Conferência Internacional sobre Tecnologia Web 3D,A4
WEB4ALL,International Web for All Conference,Conferência Internacional Web for All,A3
WEBIST,International Conference on Web Information Systems and Technologies,Conferência Internacional sobre Sistemas e Tecnologias de Informação Web,A4
WEBMEDIA,Brazilian Symposium on Multimedia and the Web,Simpósio Brasileiro de Multimídia e Web,A3
WEBSCI,ACM Web Science Conference,Conferência ACM sobre Web Science,A2
WEI,Workshop sobre Educação em Computação,Workshop on Computing Education,A4
WEIHC,Workshop sobre Educação em IHC,Workshop on Education in HCI,B4
WER,Workshop on Requirements Engineering,Workshop sobre Engenharia de Requisitos,B2
WETICE,IEEE International Conference on Enabling Technologies: Infrastructure for Collaborative Enterprises,Conferência Internacional IEEE sobre Tecnologias Habilitadoras: Infraestrutura para Empresas Colaborativas,A4
WF-IoT,IEEE World Forum on Internet of Things,Fórum Mundial IEEE sobre Internet das Coisas,A2
WFCS,IEEE World Conference on Factory Communication Systems,Conferência Mundial IEEE sobre Sistemas de Comunicação de Fábrica,A4
WFIBRE,Workshop do testbed FIBRE,FIBRE testbed Workshop,B4
WG,International Workshop on Graph-Theoretic Concepts in Computer Science,Workshop Internacional sobre Conceitos de Teoria de Grafos em Ciência da Computação,A3
WGRS,Workshop de Gerência e Operação de Redes e Serviços,Workshop on Management and Operation of Networks and Services,B4
WI-IAT,IEEE/WIC/ACM International Conference on Web Intelligence and Intelligent Agent Technology,Conferência Internacional IEEE/WIC/ACM sobre Inteligência Web e Tecnologia de Agentes Inteligentes,A2
WICS,Workshop sobre as Implicações da Computação na Sociedade,Workshop on the Implications of Computing in Society,B3
WIDAT,"Workshop de informação, dados e tecnologia","Workshop on information, data and technology",B4
WIDE,Workshop on Interactions with Human Experiences,Workshop sobre Interações com Experiências Humanas,B4
WIE,Workshop de Informática na Escola,Workshop on Informatics in Education,A4
WIFS,IEEE Workshop on Information Forensics and Security,Workshop IEEE sobre Forense e Segurança da Informação,A3
WIMOB,"IEEE International Conference on Wireless and Mobile Computing, Networking and Communications","Conferência Internacional IEEE sobre Computação, Redes e Comunicações Sem Fio e Móveis",A3
WIPLAY,Workshop sobre Interação e Pesquisa de Usuários no Desenvolvimento de Jogos,Workshop on Interaction and User Research in Game Development,B4
WISE,International Conference on Web Information Systems Engineering,Conferência Internacional sobre Engenharia de Sistemas de Informação Web,A3
WIT,Women in Information Technology,Mulheres na Tecnologia da Informação,B1
WMNC,Joint IFIP Wireless and Mobile Networking Conference,Conferência Conjunta IFIP de Redes Sem Fio e Móveis,B4
WOCC,Wireless and Optical Communications Conference,Conferência de Comunicações Sem Fio e Ópticas,A4
WOLLIC,"International Workshop on Logic, Language, Information and Computation","Workshop Internacional sobre Lógica, Linguagem, Informação e Computação",B1
WONS,Wireless On-demand Network systems and Services Conference,Conferência sobre Sistemas e Serviços de Rede Wireless On-demand,B3
WORKS,Workshop on Workflows in Support of Large-Scale Science,Workshop sobre Fluxos de Trabalho em Apoio à Ciência em Larga Escala,B3
WorldCIST,World Conference on Information Systems and Technologies,Conferência Mundial sobre Sistemas e Tecnologias de Informação,A2
WORLDS4,"World Conference on Smart Trends in Systems, Security and Sustainability","Conferência Mundial sobre Tendências Inteligentes em Sistemas, Segurança e Sustentabilidade",A3
WOSP,International Workshop on Mining Scientific Publications,Workshop Internacional sobre Mineração de Publicações Científicas,B3
WPEIF,Workshop de Pesquisa Experimental da Internet do Futuro,Workshop on Experimental Research of the Future Internet,B4
WPERFORMANCE,Workshop em Desempenho de Sistemas Computacionais e de Comunicação,Workshop on Performance of Computer and Communication Systems,B4
WPES,Annual ACM workshop on Privacy in the electronic society,Workshop Anual ACM sobre Privacidade na Sociedade Eletrônica,A4
WSC,Winter Simulation Conference,Conferência de Simulação de Inverno,A3
WTF,Workshop de Testes e Tolerância a Falhas,Workshop on Testing and Fault Tolerance,B4
WVC,Workshop de Visão Computacional,Computer Vision Workshop,B3
WWW,The ACM Web Conference,A Conferência Web ACM,A1
XP,International Conference on Agile Software Development,Conferência Internacional sobre Desenvolvimento Ágil de Software,A3
